"Step","yolo_tomo_v1 - metrics/mAP_0.5","yolo_tomo_v1 - metrics/mAP_0.5__MIN","yolo_tomo_v1 - metrics/mAP_0.5__MAX","yDICOM4 - metrics/mAP_0.5","yDICOM4 - metrics/mAP_0.5__MIN","yDICOM4 - metrics/mAP_0.5__MAX","yDICOM3 - metrics/mAP_0.5","yDICOM3 - metrics/mAP_0.5__MIN","yDICOM3 - metrics/mAP_0.5__MAX"
"0","0.0000964951668178535","0.0000964951668178535","0.0000964951668178535","0","0","0","0.00011334696992216814","0.00011334696992216814","0.00011334696992216814"
"1","0","0","0","0","0","0","0.00009947022287175741","0.00009947022287175741","0.00009947022287175741"
"2","0.00011144669073782814","0.00011144669073782814","0.00011144669073782814","0.00035502716987855214","0.00035502716987855214","0.00035502716987855214","0","0","0"
"3","0","0","0","0","0","0","0","0","0"
"4","0","0","0","0","0","0","0","0","0"
"5","0","0","0","0","0","0","0","0","0"
"6","0.00009551676731816011","0.00009551676731816011","0.00009551676731816011","0","0","0","0.00020721330744071957","0.00020721330744071957","0.00020721330744071957"
"7","0.00009551676731816011","0.00009551676731816011","0.00009551676731816011","0","0","0","0","0","0"
"8","0.00009551676731816011","0.00009551676731816011","0.00009551676731816011","0","0","0","0","0","0"
"9","0.00009551676731816011","0.00009551676731816011","0.00009551676731816011","0","0","0","0.0005519021865821251","0.0005519021865821251","0.0005519021865821251"
"10","0.00009551676731816011","0.00009551676731816011","0.00009551676731816011","0","0","0","0.000654128819157721","0.000654128819157721","0.000654128819157721"
"11","0.00009551676731816011","0.00009551676731816011","0.00009551676731816011","0","0","0","0.0003357546646028568","0.0003357546646028568","0.0003357546646028568"
"12","0.00009551676731816011","0.00009551676731816011","0.00009551676731816011","0","0","0","0","0","0"
"13","0.00009551676731816011","0.00009551676731816011","0.00009551676731816011","0","0","0","0","0","0"
"14","0.00009551676731816011","0.00009551676731816011","0.00009551676731816011","0","0","0","0.00025543459677557234","0.00025543459677557234","0.00025543459677557234"
"15","0.00009551676731816011","0.00009551676731816011","0.00009551676731816011","0.000150995889323901","0.000150995889323901","0.000150995889323901","0.0002242191126114455","0.0002242191126114455","0.0002242191126114455"
"16","0","0","0","0","0","0","0.00014646458558107857","0.00014646458558107857","0.00014646458558107857"
"17","0","0","0","0","0","0","0.0009261724814840359","0.0009261724814840359","0.0009261724814840359"
"18","0","0","0","0.00015693771502777636","0.00015693771502777636","0.00015693771502777636","0.0005693440082644628","0.0005693440082644628","0.0005693440082644628"
"19","0","0","0","0","0","0","0.0005359889008955054","0.0005359889008955054","0.0005359889008955054"
"20","0","0","0","0.00020315781578157817","0.00020315781578157817","0.00020315781578157817","0.0008995736325846572","0.0008995736325846572","0.0008995736325846572"
"21","0","0","0","0.00021233455216951094","0.00021233455216951094","0.00021233455216951094","0.0009519321559713236","0.0009519321559713236","0.0009519321559713236"
"22","0","0","0","0.00015065562456866805","0.00015065562456866805","0.00015065562456866805","0.0003795393566904814","0.0003795393566904814","0.0003795393566904814"
"23","0","0","0","0","0","0","0.0005039279995490578","0.0005039279995490578","0.0005039279995490578"
"24","0","0","0","0.0001331875389650873","0.0001331875389650873","0.0001331875389650873","0.0004156481980494081","0.0004156481980494081","0.0004156481980494081"
"25","0","0","0","0","0","0","0.0003745126705653022","0.0003745126705653022","0.0003745126705653022"
"26","0","0","0","0.00021234225834832512","0.00021234225834832512","0.00021234225834832512","0.00046146367214041","0.00046146367214041","0.00046146367214041"
"27","0","0","0","0.00018216561928956638","0.00018216561928956638","0.00018216561928956638","0.00044711984263452146","0.00044711984263452146","0.00044711984263452146"
"28","0","0","0","0.0002463206227574044","0.0002463206227574044","0.0002463206227574044","0.0002426788400767339","0.0002426788400767339","0.0002426788400767339"
"29","0","0","0","0","0","0","0","0","0"
"30","0","0","0","0.0008512736286816784","0.0008512736286816784","0.0008512736286816784","0","0","0"
"31","0","0","0","0.0008517897799139894","0.0008517897799139894","0.0008517897799139894","0","0","0"
"32","0","0","0","0.0006952731751232706","0.0006952731751232706","0.0006952731751232706","0.0010918657565415245","0.0010918657565415245","0.0010918657565415245"
"33","0","0","0","0.0017950268817204297","0.0017950268817204297","0.0017950268817204297","0.0008987612749878108","0.0008987612749878108","0.0008987612749878108"
"34","0","0","0","0.0022194060267951054","0.0022194060267951054","0.0022194060267951054","0","0","0"
"35","0","0","0","0.0046107866278349615","0.0046107866278349615","0.0046107866278349615","0","0","0"
"36","0.003251544269045985","0.003251544269045985","0.003251544269045985","0.0005212703402575963","0.0005212703402575963","0.0005212703402575963","0.00022496947496947499","0.00022496947496947499","0.00022496947496947499"
"37","0.005617690058479533","0.005617690058479533","0.005617690058479533","0","0","0","0.0005772771317829457","0.0005772771317829457","0.0005772771317829457"
"38","0.019556147881150097","0.019556147881150097","0.019556147881150097","0","0","0","0.00031024311054798865","0.00031024311054798865","0.00031024311054798865"
"39","0.03863307243603854","0.03863307243603854","0.03863307243603854","0","0","0","0.00034352673072185274","0.00034352673072185274","0.00034352673072185274"
"40","0.06321283653485396","0.06321283653485396","0.06321283653485396","0","0","0","0.0021493725790505827","0.0021493725790505827","0.0021493725790505827"
"41","0.19392258903335888","0.19392258903335888","0.19392258903335888","0.0012021133954795047","0.0012021133954795047","0.0012021133954795047","0.00034309052202887824","0.00034309052202887824","0.00034309052202887824"
"42","0.19392258903335888","0.19392258903335888","0.19392258903335888","0.001561823593073593","0.001561823593073593","0.001561823593073593","0","0","0"
"43","0.297865682543443","0.297865682543443","0.297865682543443","0.001163328530259366","0.001163328530259366","0.001163328530259366","0","0","0"
"44","0.32862498100646054","0.32862498100646054","0.32862498100646054","0","0","0","0","0","0"
"45","0.3577783673517185","0.3577783673517185","0.3577783673517185","0.0011912004453457396","0.0011912004453457396","0.0011912004453457396","0","0","0"
"46","0.3645019833262759","0.3645019833262759","0.3645019833262759","0","0","0","0.0004036271699315178","0.0004036271699315178","0.0004036271699315178"
"47","0.37824275314799727","0.37824275314799727","0.37824275314799727","0","0","0","0.009817346631862761","0.009817346631862761","0.009817346631862761"
"48","0.39828898522517575","0.39828898522517575","0.39828898522517575","0","0","0","0.01952049180327869","0.01952049180327869","0.01952049180327869"
"49","0.38144449662740215","0.38144449662740215","0.38144449662740215","0","0","0","0.0013390297512691795","0.0013390297512691795","0.0013390297512691795"
"50","0.3572128169449599","0.3572128169449599","0.3572128169449599","0","0","0","0","0","0"
"51","0.3546750114836931","0.3546750114836931","0.3546750114836931","0","0","0","0.008812375305853569","0.008812375305853569","0.008812375305853569"
"52","0.3157455621411122","0.3157455621411122","0.3157455621411122","0","0","0","0.010635519328255608","0.010635519328255608","0.010635519328255608"
"53","0.32761527013163405","0.32761527013163405","0.32761527013163405","0.007436178199446744","0.007436178199446744","0.007436178199446744","0.017162313454147336","0.017162313454147336","0.017162313454147336"
"54","0.35090749550278805","0.35090749550278805","0.35090749550278805","0.005409909805612269","0.005409909805612269","0.005409909805612269","0.022076335771999012","0.022076335771999012","0.022076335771999012"
"55","0.35527552541707025","0.35527552541707025","0.35527552541707025","0.0073783834925448865","0.0073783834925448865","0.0073783834925448865","0.027679107154408064","0.027679107154408064","0.027679107154408064"
"56","0.3765442886384739","0.3765442886384739","0.3765442886384739","0.0023142477165331646","0.0023142477165331646","0.0023142477165331646","0.06181342717842034","0.06181342717842034","0.06181342717842034"
"57","0.35998063224928784","0.35998063224928784","0.35998063224928784","0.00766440376890563","0.00766440376890563","0.00766440376890563","0.10819915389995853","0.10819915389995853","0.10819915389995853"
"58","0.4002681943444237","0.4002681943444237","0.4002681943444237","0.008774147812044502","0.008774147812044502","0.008774147812044502","0.1149374714533662","0.1149374714533662","0.1149374714533662"
"59","0.3824644733636261","0.3824644733636261","0.3824644733636261","0.006275878917265873","0.006275878917265873","0.006275878917265873","0.12478784524562514","0.12478784524562514","0.12478784524562514"
"60","0.3686313607341776","0.3686313607341776","0.3686313607341776","0.02901618890855263","0.02901618890855263","0.02901618890855263","0.09644616240453209","0.09644616240453209","0.09644616240453209"
"61","0.40677382226087894","0.40677382226087894","0.40677382226087894","0.04872979934018705","0.04872979934018705","0.04872979934018705","0.1458630932474305","0.1458630932474305","0.1458630932474305"
"62","0.4436760429519948","0.4436760429519948","0.4436760429519948","0.11859452290919596","0.11859452290919596","0.11859452290919596","0.17913532477452773","0.17913532477452773","0.17913532477452773"
"63","0.4436760429519948","0.4436760429519948","0.4436760429519948","0.11859452290919596","0.11859452290919596","0.11859452290919596","0.17913532477452773","0.17913532477452773","0.17913532477452773"
"64","0.39209994176456847","0.39209994176456847","0.39209994176456847","0.06654232986224763","0.06654232986224763","0.06654232986224763","0.23749287183167628","0.23749287183167628","0.23749287183167628"
"65","0.30025995521229903","0.30025995521229903","0.30025995521229903","0.047206211978592226","0.047206211978592226","0.047206211978592226","0.25092595107158205","0.25092595107158205","0.25092595107158205"
"66","0.2994810068959851","0.2994810068959851","0.2994810068959851","0.05186059037772787","0.05186059037772787","0.05186059037772787","0.28461541950720404","0.28461541950720404","0.28461541950720404"
"67","0.2928405470235148","0.2928405470235148","0.2928405470235148","0.05442719680464778","0.05442719680464778","0.05442719680464778","0.2902750190560442","0.2902750190560442","0.2902750190560442"
"68","0.2765972190168475","0.2765972190168475","0.2765972190168475","0.07309468041156865","0.07309468041156865","0.07309468041156865","0.30576950913326006","0.30576950913326006","0.30576950913326006"
"69","0.49517784080554034","0.49517784080554034","0.49517784080554034","0.05393159275315437","0.05393159275315437","0.05393159275315437","0.30310117416142085","0.30310117416142085","0.30310117416142085"
"70","0.48345951693147166","0.48345951693147166","0.48345951693147166","0.12759525280847786","0.12759525280847786","0.12759525280847786","0.27544055378203425","0.27544055378203425","0.27544055378203425"
"71","0.470289981640332","0.470289981640332","0.470289981640332","0.13475789238539226","0.13475789238539226","0.13475789238539226","0.399421404230644","0.399421404230644","0.399421404230644"
"72","0.440805712976595","0.440805712976595","0.440805712976595","0.16104991056069035","0.16104991056069035","0.16104991056069035","0.39995191098818206","0.39995191098818206","0.39995191098818206"
"73","0.4763389871700069","0.4763389871700069","0.4763389871700069","0.16704170770046314","0.16704170770046314","0.16704170770046314","0.36705405731868573","0.36705405731868573","0.36705405731868573"
"74","0.4389748944149979","0.4389748944149979","0.4389748944149979","0.21520207214365245","0.21520207214365245","0.21520207214365245","0.38108591292832317","0.38108591292832317","0.38108591292832317"
"75","0.3598255460279213","0.3598255460279213","0.3598255460279213","0.179588630524645","0.179588630524645","0.179588630524645","0.36841933040221503","0.36841933040221503","0.36841933040221503"
"76","0.44137599582679093","0.44137599582679093","0.44137599582679093","0.17982723402238107","0.17982723402238107","0.17982723402238107","0.3530179900969527","0.3530179900969527","0.3530179900969527"
"77","0.3624720593077077","0.3624720593077077","0.3624720593077077","0.18057691358381928","0.18057691358381928","0.18057691358381928","0.37021745869377937","0.37021745869377937","0.37021745869377937"
"78","0.408852570628105","0.408852570628105","0.408852570628105","0.22154244711280968","0.22154244711280968","0.22154244711280968","0.3834331950803113","0.3834331950803113","0.3834331950803113"
"79","0.3837295623962005","0.3837295623962005","0.3837295623962005","0.27102349595460984","0.27102349595460984","0.27102349595460984","0.205750942810737","0.205750942810737","0.205750942810737"
"80","0.1943554353918364","0.1943554353918364","0.1943554353918364","0.2576879932048492","0.2576879932048492","0.2576879932048492","0.2592088776488996","0.2592088776488996","0.2592088776488996"
"81","0.2780338576521294","0.2780338576521294","0.2780338576521294","0.26712387274754296","0.26712387274754296","0.26712387274754296","0.22207233092975226","0.22207233092975226","0.22207233092975226"
"82","0.32721326972133424","0.32721326972133424","0.32721326972133424","0.2836662336132018","0.2836662336132018","0.2836662336132018","0.2163172814128967","0.2163172814128967","0.2163172814128967"
"83","0.35618759429983915","0.35618759429983915","0.35618759429983915","0.26338399421021114","0.26338399421021114","0.26338399421021114","0.30458536638951766","0.30458536638951766","0.30458536638951766"
"84","0.3646821145260887","0.3646821145260887","0.3646821145260887","0.32776363327853075","0.32776363327853075","0.32776363327853075","0.358685032003178","0.358685032003178","0.358685032003178"
"85","0.3646821145260887","0.3646821145260887","0.3646821145260887","0.2851915752138929","0.2851915752138929","0.2851915752138929","0.3132069966553131","0.3132069966553131","0.3132069966553131"
"86","0.32200410179317257","0.32200410179317257","0.32200410179317257","0.41928280134064777","0.41928280134064777","0.41928280134064777","0.28524564958344784","0.28524564958344784","0.28524564958344784"
"87","0.38282020630482977","0.38282020630482977","0.38282020630482977","0.39649894887229725","0.39649894887229725","0.39649894887229725","0.3384102139735568","0.3384102139735568","0.3384102139735568"
"88","0.3786160579234524","0.3786160579234524","0.3786160579234524","0.41808498442115616","0.41808498442115616","0.41808498442115616","0.3092462877159641","0.3092462877159641","0.3092462877159641"
"89","0.37745254231161335","0.37745254231161335","0.37745254231161335","0.37117724286191467","0.37117724286191467","0.37117724286191467","0.32490179141289277","0.32490179141289277","0.32490179141289277"
"90","0.38018258518586745","0.38018258518586745","0.38018258518586745","0.4183147720423934","0.4183147720423934","0.4183147720423934","0.32470039638545733","0.32470039638545733","0.32470039638545733"
"91","0.38365011876203864","0.38365011876203864","0.38365011876203864","0.460473609164026","0.460473609164026","0.460473609164026","0.33730445704901285","0.33730445704901285","0.33730445704901285"
"92","0.24398056700816256","0.24398056700816256","0.24398056700816256","0.48836810726696445","0.48836810726696445","0.48836810726696445","0.3506441559292673","0.3506441559292673","0.3506441559292673"
"93","0.2816356823145089","0.2816356823145089","0.2816356823145089","0.5071139608146104","0.5071139608146104","0.5071139608146104","0.37480831557992517","0.37480831557992517","0.37480831557992517"
"94","0.33278852967469025","0.33278852967469025","0.33278852967469025","0.522339598228929","0.522339598228929","0.522339598228929","0.39167322523618975","0.39167322523618975","0.39167322523618975"
"95","0.33516946089574856","0.33516946089574856","0.33516946089574856","0.522339598228929","0.522339598228929","0.522339598228929","0.39167322523618975","0.39167322523618975","0.39167322523618975"
"96","0.40785032045633446","0.40785032045633446","0.40785032045633446","0.410225770116558","0.410225770116558","0.410225770116558","0.39262896646858325","0.39262896646858325","0.39262896646858325"
"97","0.4280288326050567","0.4280288326050567","0.4280288326050567","0.42843144080783035","0.42843144080783035","0.42843144080783035","0.3721857004358529","0.3721857004358529","0.3721857004358529"
"98","0.4181370242059811","0.4181370242059811","0.4181370242059811","0.41588598487854006","0.41588598487854006","0.41588598487854006","0.391068614210641","0.391068614210641","0.391068614210641"
"99","0.4400545927383637","0.4400545927383637","0.4400545927383637","0.4467954219914809","0.4467954219914809","0.4467954219914809","0.4131061727365159","0.4131061727365159","0.4131061727365159"
"100","0.4941521099015183","0.4941521099015183","0.4941521099015183","0.4138732172065441","0.4138732172065441","0.4138732172065441","0.41324749861831506","0.41324749861831506","0.41324749861831506"
"101","0.49142061516125096","0.49142061516125096","0.49142061516125096","0.409909361153335","0.409909361153335","0.409909361153335","0.4172641797857315","0.4172641797857315","0.4172641797857315"
"102","0.5152199603198317","0.5152199603198317","0.5152199603198317","0.43242853354553673","0.43242853354553673","0.43242853354553673","0.4227065490354222","0.4227065490354222","0.4227065490354222"
"103","0.4549442446654423","0.4549442446654423","0.4549442446654423","0.4203939174011606","0.4203939174011606","0.4203939174011606","0.42124902872009695","0.42124902872009695","0.42124902872009695"
"104","0.535724118218716","0.535724118218716","0.535724118218716","0.4412302669668409","0.4412302669668409","0.4412302669668409","0.43585618601895587","0.43585618601895587","0.43585618601895587"
"105","0.4792416356278067","0.4792416356278067","0.4792416356278067","0.4200613215546584","0.4200613215546584","0.4200613215546584","0.4037089557936011","0.4037089557936011","0.4037089557936011"
"106","0.4792416356278067","0.4792416356278067","0.4792416356278067","0.39840319167040017","0.39840319167040017","0.39840319167040017","0.39777415375190023","0.39777415375190023","0.39777415375190023"
"107","0.5799896421845574","0.5799896421845574","0.5799896421845574","0.4222320157304376","0.4222320157304376","0.4222320157304376","0.42918165067340797","0.42918165067340797","0.42918165067340797"
"108","0.5074585532702341","0.5074585532702341","0.5074585532702341","0.4975737153278269","0.4975737153278269","0.4975737153278269","0.4123199070014906","0.4123199070014906","0.4123199070014906"
"109","0.571981801339299","0.571981801339299","0.571981801339299","0.42527408615907725","0.42527408615907725","0.42527408615907725","0.3734842219991989","0.3734842219991989","0.3734842219991989"
"110","0.6217677814760798","0.6217677814760798","0.6217677814760798","0.4260437154062657","0.4260437154062657","0.4260437154062657","0.37836324893655426","0.37836324893655426","0.37836324893655426"
"111","0.5537032514115159","0.5537032514115159","0.5537032514115159","0.3943508802920189","0.3943508802920189","0.3943508802920189","0.43286834981238287","0.43286834981238287","0.43286834981238287"
"112","0.5473455236344676","0.5473455236344676","0.5473455236344676","0.49594381880888866","0.49594381880888866","0.49594381880888866","0.46419876410793437","0.46419876410793437","0.46419876410793437"
"113","0.5364749732650084","0.5364749732650084","0.5364749732650084","0.4923754363246444","0.4923754363246444","0.4923754363246444","0.4722934234960151","0.4722934234960151","0.4722934234960151"
"114","0.5611732022744609","0.5611732022744609","0.5611732022744609","0.5265778267744549","0.5265778267744549","0.5265778267744549","0.4818751889535881","0.4818751889535881","0.4818751889535881"
"115","0.583855174028763","0.583855174028763","0.583855174028763","0.47658745022817495","0.47658745022817495","0.47658745022817495","0.4682673551717851","0.4682673551717851","0.4682673551717851"
"116","0.5518791582339879","0.5518791582339879","0.5518791582339879","0.5261768040734041","0.5261768040734041","0.5261768040734041","0.4934448369033201","0.4934448369033201","0.4934448369033201"
"117","0.5589528186274509","0.5589528186274509","0.5589528186274509","0.5704290860654497","0.5704290860654497","0.5704290860654497","0.47110127654420897","0.47110127654420897","0.47110127654420897"
"118","0.5545676068376068","0.5545676068376068","0.5545676068376068","0.5630425093701747","0.5630425093701747","0.5630425093701747","0.4808531816200994","0.4808531816200994","0.4808531816200994"
"119","0.5624105444637244","0.5624105444637244","0.5624105444637244","0.5891951227564801","0.5891951227564801","0.5891951227564801","0.5016491436415271","0.5016491436415271","0.5016491436415271"
"120","0.5435353310443285","0.5435353310443285","0.5435353310443285","0.5641621157510384","0.5641621157510384","0.5641621157510384","0.5217695925164284","0.5217695925164284","0.5217695925164284"
"121","0.5572280766181089","0.5572280766181089","0.5572280766181089","0.5539854654778732","0.5539854654778732","0.5539854654778732","0.5665015057442645","0.5665015057442645","0.5665015057442645"
"122","0.5553718515745858","0.5553718515745858","0.5553718515745858","0.561549345369631","0.561549345369631","0.561549345369631","0.5425008746518741","0.5425008746518741","0.5425008746518741"
"123","0.5454760903854415","0.5454760903854415","0.5454760903854415","0.5900901797544685","0.5900901797544685","0.5900901797544685","0.5698301302708962","0.5698301302708962","0.5698301302708962"
"124","0.529481151863527","0.529481151863527","0.529481151863527","0.6062248335986606","0.6062248335986606","0.6062248335986606","0.5382182134325709","0.5382182134325709","0.5382182134325709"
"125","0.5213577287335605","0.5213577287335605","0.5213577287335605","0.6592477900265008","0.6592477900265008","0.6592477900265008","0.5592560424541475","0.5592560424541475","0.5592560424541475"
"126","0.544240941434045","0.544240941434045","0.544240941434045","0.6517943730656168","0.6517943730656168","0.6517943730656168","0.5640625754663717","0.5640625754663717","0.5640625754663717"
"127","0.544240941434045","0.544240941434045","0.544240941434045","0.6517943730656168","0.6517943730656168","0.6517943730656168","0.5640625754663717","0.5640625754663717","0.5640625754663717"
"128","0.5356651281927916","0.5356651281927916","0.5356651281927916","0.6180573647317332","0.6180573647317332","0.6180573647317332","0.5530448614474899","0.5530448614474899","0.5530448614474899"
"129","0.5351754469776592","0.5351754469776592","0.5351754469776592","0.6150044983773472","0.6150044983773472","0.6150044983773472","0.573280393854114","0.573280393854114","0.573280393854114"
"130","0.5476392129185171","0.5476392129185171","0.5476392129185171","0.7107201782774087","0.7107201782774087","0.7107201782774087","0.5475892646511389","0.5475892646511389","0.5475892646511389"
"131","0.5154433395060731","0.5154433395060731","0.5154433395060731","0.731006311123455","0.731006311123455","0.731006311123455","0.541510275820463","0.541510275820463","0.541510275820463"
"132","0.5436752998466312","0.5436752998466312","0.5436752998466312","0.7100481823301069","0.7100481823301069","0.7100481823301069","0.5442986555307674","0.5442986555307674","0.5442986555307674"
"133","0.5706382386920861","0.5706382386920861","0.5706382386920861","0.6350548262119999","0.6350548262119999","0.6350548262119999","0.5811776770079166","0.5811776770079166","0.5811776770079166"
"134","0.5304733731315184","0.5304733731315184","0.5304733731315184","0.632393488425134","0.632393488425134","0.632393488425134","0.5430329906537948","0.5430329906537948","0.5430329906537948"
"135","0.47641400276250856","0.47641400276250856","0.47641400276250856","0.6350584675523555","0.6350584675523555","0.6350584675523555","0.5508558405366258","0.5508558405366258","0.5508558405366258"
"136","0.5657167401462229","0.5657167401462229","0.5657167401462229","0.705059906291834","0.705059906291834","0.705059906291834","0.5477978442772127","0.5477978442772127","0.5477978442772127"
"137","0.6902483199332982","0.6902483199332982","0.6902483199332982","0.7066560804552071","0.7066560804552071","0.7066560804552071","0.5291854102679824","0.5291854102679824","0.5291854102679824"
"138","0.5996331884886281","0.5996331884886281","0.5996331884886281","0.6519858598776868","0.6519858598776868","0.6519858598776868","0.5433304863214835","0.5433304863214835","0.5433304863214835"
"139","0.6114972983391298","0.6114972983391298","0.6114972983391298","0.5842318542153183","0.5842318542153183","0.5842318542153183","0.5458927478645998","0.5458927478645998","0.5458927478645998"
"140","0.6268588723036862","0.6268588723036862","0.6268588723036862","0.5822524626529076","0.5822524626529076","0.5822524626529076","0.5159249591613013","0.5159249591613013","0.5159249591613013"
"141","0.6328578936078937","0.6328578936078937","0.6328578936078937","0.5774694221809511","0.5774694221809511","0.5774694221809511","0.5370708956437718","0.5370708956437718","0.5370708956437718"
"142","0.6792140068394884","0.6792140068394884","0.6792140068394884","0.5474300540449119","0.5474300540449119","0.5474300540449119","0.5347005112994112","0.5347005112994112","0.5347005112994112"
"143","0.6936925837320573","0.6936925837320573","0.6936925837320573","0.6507701504844362","0.6507701504844362","0.6507701504844362","0.5062009480437782","0.5062009480437782","0.5062009480437782"
"144","0.7383648471132268","0.7383648471132268","0.7383648471132268","0.6625620745198152","0.6625620745198152","0.6625620745198152","0.5386649266104226","0.5386649266104226","0.5386649266104226"
"145","0.7097623640779378","0.7097623640779378","0.7097623640779378","0.6125287550905856","0.6125287550905856","0.6125287550905856","0.5359544024957689","0.5359544024957689","0.5359544024957689"
"146","0.7065232373730511","0.7065232373730511","0.7065232373730511","0.6095234575153639","0.6095234575153639","0.6095234575153639","0.5781094437481415","0.5781094437481415","0.5781094437481415"
"147","0.7450209300971019","0.7450209300971019","0.7450209300971019","0.546212632365288","0.546212632365288","0.546212632365288","0.5917704237081921","0.5917704237081921","0.5917704237081921"
"148","0.6982186259390095","0.6982186259390095","0.6982186259390095","0.7332960885585523","0.7332960885585523","0.7332960885585523","0.6645564242093434","0.6645564242093434","0.6645564242093434"
"149","0.6982186259390095","0.6982186259390095","0.6982186259390095","0.7523772825446692","0.7523772825446692","0.7523772825446692","0.6522720758429912","0.6522720758429912","0.6522720758429912"
"150","0.6359076577307103","0.6359076577307103","0.6359076577307103","0.7610376554555296","0.7610376554555296","0.7610376554555296","0.6693364767964449","0.6693364767964449","0.6693364767964449"
"151","0.5865209079044194","0.5865209079044194","0.5865209079044194","0.7654459086130252","0.7654459086130252","0.7654459086130252","0.6898162850673983","0.6898162850673983","0.6898162850673983"
"152","0.48506788375015836","0.48506788375015836","0.48506788375015836","0.7547053853229264","0.7547053853229264","0.7547053853229264","0.4776764355622165","0.4776764355622165","0.4776764355622165"
"153","0.5111498453326799","0.5111498453326799","0.5111498453326799","0.7684909980705119","0.7684909980705119","0.7684909980705119","0.5590491237133127","0.5590491237133127","0.5590491237133127"
"154","0.6059446211819268","0.6059446211819268","0.6059446211819268","0.7333090272492973","0.7333090272492973","0.7333090272492973","0.5438125407431887","0.5438125407431887","0.5438125407431887"
"155","0.6499196170955901","0.6499196170955901","0.6499196170955901","0.6939390232216023","0.6939390232216023","0.6939390232216023","0.5674473574242637","0.5674473574242637","0.5674473574242637"
"156","0.7012486659764254","0.7012486659764254","0.7012486659764254","0.7166368198050488","0.7166368198050488","0.7166368198050488","0.5661727320547454","0.5661727320547454","0.5661727320547454"
"157","0.7631052485748304","0.7631052485748304","0.7631052485748304","0.5721490519284637","0.5721490519284637","0.5721490519284637","0.5661460744088606","0.5661460744088606","0.5661460744088606"
"158","0.6733937914905122","0.6733937914905122","0.6733937914905122","0.7268763493437083","0.7268763493437083","0.7268763493437083","0.5824665945177749","0.5824665945177749","0.5824665945177749"
"159","0.7471224061466353","0.7471224061466353","0.7471224061466353","0.7268763493437083","0.7268763493437083","0.7268763493437083","0.5824665945177749","0.5824665945177749","0.5824665945177749"
"160","0.7801107652541139","0.7801107652541139","0.7801107652541139","0.7606780486133042","0.7606780486133042","0.7606780486133042","0.4936295124075936","0.4936295124075936","0.4936295124075936"
"161","0.7801268568033275","0.7801268568033275","0.7801268568033275","0.7429857412418646","0.7429857412418646","0.7429857412418646","0.4948403452908129","0.4948403452908129","0.4948403452908129"
"162","0.6585026390127863","0.6585026390127863","0.6585026390127863","0.6655356411222452","0.6655356411222452","0.6655356411222452","0.5659095165649439","0.5659095165649439","0.5659095165649439"
"163","0.658508210180624","0.658508210180624","0.658508210180624","0.7074058983785492","0.7074058983785492","0.7074058983785492","0.5375108654401277","0.5375108654401277","0.5375108654401277"
"164","0.694085656301596","0.694085656301596","0.694085656301596","0.5858991871029724","0.5858991871029724","0.5858991871029724","0.39256851566756534","0.39256851566756534","0.39256851566756534"
"165","0.6584968095172159","0.6584968095172159","0.6584968095172159","0.6206250073603015","0.6206250073603015","0.6206250073603015","0.38927929470850375","0.38927929470850375","0.38927929470850375"
"166","0.6584994962035338","0.6584994962035338","0.6584994962035338","0.6292764071107609","0.6292764071107609","0.6292764071107609","0.49510204266474134","0.49510204266474134","0.49510204266474134"
"167","0.6464991015274034","0.6464991015274034","0.6464991015274034","0.6205775969856717","0.6205775969856717","0.6205775969856717","0.5634077789138054","0.5634077789138054","0.5634077789138054"
"168","0.6327578330139807","0.6327578330139807","0.6327578330139807","0.6273945377859202","0.6273945377859202","0.6273945377859202","0.553794093592686","0.553794093592686","0.553794093592686"
"169","0.6384656386934258","0.6384656386934258","0.6384656386934258","0.6483673257450931","0.6483673257450931","0.6483673257450931","0.535588794464635","0.535588794464635","0.535588794464635"
"170","0.6384656386934258","0.6384656386934258","0.6384656386934258","0.6894150634198551","0.6894150634198551","0.6894150634198551","0.5397452022351816","0.5397452022351816","0.5397452022351816"
"171","0.6411415330238871","0.6411415330238871","0.6411415330238871","0.6457790510120189","0.6457790510120189","0.6457790510120189","0.5848451311722834","0.5848451311722834","0.5848451311722834"
"172","0.6551274489151043","0.6551274489151043","0.6551274489151043","0.6824830200952955","0.6824830200952955","0.6824830200952955","0.6108903321380432","0.6108903321380432","0.6108903321380432"
"173","0.6551086452211569","0.6551086452211569","0.6551086452211569","0.6500037198406763","0.6500037198406763","0.6500037198406763","0.5519403148021568","0.5519403148021568","0.5519403148021568"
"174","0.6908148763381323","0.6908148763381323","0.6908148763381323","0.6372505410669685","0.6372505410669685","0.6372505410669685","0.5593563169576824","0.5593563169576824","0.5593563169576824"
"175","0.699600203078961","0.699600203078961","0.699600203078961","0.6321877579520941","0.6321877579520941","0.6321877579520941","0.5438835315289888","0.5438835315289888","0.5438835315289888"
"176","0.7527214002916561","0.7527214002916561","0.7527214002916561","0.6434910150333537","0.6434910150333537","0.6434910150333537","0.617730535866403","0.617730535866403","0.617730535866403"
"177","0.755400151763559","0.755400151763559","0.755400151763559","0.6381843801583819","0.6381843801583819","0.6381843801583819","0.6354668418596557","0.6354668418596557","0.6354668418596557"
"178","0.747486019074302","0.747486019074302","0.747486019074302","0.6399165197419847","0.6399165197419847","0.6399165197419847","0.6609214791645522","0.6609214791645522","0.6609214791645522"
"179","0.7464508949921433","0.7464508949921433","0.7464508949921433","0.5256488619392846","0.5256488619392846","0.5256488619392846","0.7154649060310676","0.7154649060310676","0.7154649060310676"
"180","0.7634848303870043","0.7634848303870043","0.7634848303870043","0.5526812663462217","0.5526812663462217","0.5526812663462217","0.6794977134219689","0.6794977134219689","0.6794977134219689"
"181","0.7634667834932014","0.7634667834932014","0.7634667834932014","0.7189872254686229","0.7189872254686229","0.7189872254686229","0.7007294719850474","0.7007294719850474","0.7007294719850474"
"182","0.7464425723359212","0.7464425723359212","0.7464425723359212","0.7660672280139","0.7660672280139","0.7660672280139","0.6091008331571902","0.6091008331571902","0.6091008331571902"
"183","0.7634687230835487","0.7634687230835487","0.7634687230835487","0.7615663416444667","0.7615663416444667","0.7615663416444667","0.6558123818534778","0.6558123818534778","0.6558123818534778"
"184","0.7666421411759947","0.7666421411759947","0.7666421411759947","0.8046994811164789","0.8046994811164789","0.8046994811164789","0.7151119151364249","0.7151119151364249","0.7151119151364249"
"185","0.7827687774620291","0.7827687774620291","0.7827687774620291","0.6659738069058787","0.6659738069058787","0.6659738069058787","0.6772521869874248","0.6772521869874248","0.6772521869874248"
"186","0.7847106903163951","0.7847106903163951","0.7847106903163951","0.676158814488963","0.676158814488963","0.676158814488963","0.6772484051036682","0.6772484051036682","0.6772484051036682"
"187","0.7682479823788243","0.7682479823788243","0.7682479823788243","0.6920882324343951","0.6920882324343951","0.6920882324343951","0.6924139317889317","0.6924139317889317","0.6924139317889317"
"188","0.7871051297648014","0.7871051297648014","0.7871051297648014","0.7638083668681919","0.7638083668681919","0.7638083668681919","0.6772557356371078","0.6772557356371078","0.6772557356371078"
"189","0.7708475586586873","0.7708475586586873","0.7708475586586873","0.7016414350390263","0.7016414350390263","0.7016414350390263","0.6660885089828553","0.6660885089828553","0.6660885089828553"
"190","0.7707304176629182","0.7707304176629182","0.7707304176629182","0.8447646920056167","0.8447646920056167","0.8447646920056167","0.725088373281308","0.725088373281308","0.725088373281308"
"191","0.7707304176629182","0.7707304176629182","0.7707304176629182","0.8447646920056167","0.8447646920056167","0.8447646920056167","0.725088373281308","0.725088373281308","0.725088373281308"
"192","0.7939617003367003","0.7939617003367003","0.7939617003367003","0.7116757255240349","0.7116757255240349","0.7116757255240349","0.7165165540798254","0.7165165540798254","0.7165165540798254"
"193","0.7905237589611134","0.7905237589611134","0.7905237589611134","0.8693277194775513","0.8693277194775513","0.8693277194775513","0.6679456508292276","0.6679456508292276","0.6679456508292276"
"194","0.7732519240019242","0.7732519240019242","0.7732519240019242","0.8448802240778985","0.8448802240778985","0.8448802240778985","0.6679421591712742","0.6679421591712742","0.6679421591712742"
"195","0.6907067770232032","0.6907067770232032","0.6907067770232032","0.8461385275204292","0.8461385275204292","0.8461385275204292","0.6679422427252415","0.6679422427252415","0.6679422427252415"
"196","0.6896111599447555","0.6896111599447555","0.6896111599447555","0.8448652345522849","0.8448652345522849","0.8448652345522849","0.6679425767493492","0.6679425767493492","0.6679425767493492"
"197","0.6390365728021978","0.6390365728021978","0.6390365728021978","0.8435143607594434","0.8435143607594434","0.8435143607594434","0.6559418538928923","0.6559418538928923","0.6559418538928923"
"198","0.6781660980148885","0.6781660980148885","0.6781660980148885","0.8998396047458095","0.8998396047458095","0.8998396047458095","0.7165095695630215","0.7165095695630215","0.7165095695630215"
"199","0.6961918414702539","0.6961918414702539","0.6961918414702539","0.8998464285714285","0.8998464285714285","0.8998464285714285","0.7190085816535202","0.7190085816535202","0.7190085816535202"
"200","0.6529105462749617","0.6529105462749617","0.6529105462749617","0.7582167299934328","0.7582167299934328","0.7582167299934328","0.7104365172784117","0.7104365172784117","0.7104365172784117"
"201","0.6802607816711591","0.6802607816711591","0.6802607816711591","0.7620761530761531","0.7620761530761531","0.7620761530761531","0.7057170305539869","0.7057170305539869","0.7057170305539869"
"202","0.7553138332255981","0.7553138332255981","0.7553138332255981","0.7954273697440082","0.7954273697440082","0.7954273697440082","0.7450859876378907","0.7450859876378907","0.7450859876378907"
"203","0.7341910270700776","0.7341910270700776","0.7341910270700776","0.6669854002669225","0.6669854002669225","0.6669854002669225","0.7531802192425194","0.7531802192425194","0.7531802192425194"
"204","0.7437960882667074","0.7437960882667074","0.7437960882667074","0.7063091410073189","0.7063091410073189","0.7063091410073189","0.7685126789736165","0.7685126789736165","0.7685126789736165"
"205","0.7429948907467991","0.7429948907467991","0.7429948907467991","0.6388289587987094","0.6388289587987094","0.6388289587987094","0.7748392033935991","0.7748392033935991","0.7748392033935991"
"206","0.7445100983204433","0.7445100983204433","0.7445100983204433","0.6277477545812138","0.6277477545812138","0.6277477545812138","0.7659112668477472","0.7659112668477472","0.7659112668477472"
"207","0.724410010972511","0.724410010972511","0.724410010972511","0.6311817081290585","0.6311817081290585","0.6311817081290585","0.7660049284547789","0.7660049284547789","0.7660049284547789"
"208","0.7570766329258977","0.7570766329258977","0.7570766329258977","0.8183280516632978","0.8183280516632978","0.8183280516632978","0.7685095626497453","0.7685095626497453","0.7685095626497453"
"209","0.6429610568283917","0.6429610568283917","0.6429610568283917","0.8708836512240175","0.8708836512240175","0.8708836512240175","0.7595900090738221","0.7595900090738221","0.7595900090738221"
"210","0.6969390019669071","0.6969390019669071","0.6969390019669071","0.8198950249076205","0.8198950249076205","0.8198950249076205","0.78451657023681","0.78451657023681","0.78451657023681"
"211","0.696330921592775","0.696330921592775","0.696330921592775","0.8041397317131106","0.8041397317131106","0.8041397317131106","0.7845183298733485","0.7845183298733485","0.7845183298733485"
"212","0.6688974582921952","0.6688974582921952","0.6688974582921952","0.7209439776931841","0.7209439776931841","0.7209439776931841","0.7964204545454545","0.7964204545454545","0.7964204545454545"
"213","0.6688974582921952","0.6688974582921952","0.6688974582921952","0.8867317281091167","0.8867317281091167","0.8867317281091167","0.796415404040404","0.796415404040404","0.796415404040404"
"214","0.7410653195128801","0.7410653195128801","0.7410653195128801","0.8737770907674007","0.8737770907674007","0.8737770907674007","0.6405872605655214","0.6405872605655214","0.6405872605655214"
"215","0.8575600157418339","0.8575600157418339","0.8575600157418339","0.8867306927599625","0.8867306927599625","0.8867306927599625","0.7325684677642661","0.7325684677642661","0.7325684677642661"
"216","0.8072615708635127","0.8072615708635127","0.8072615708635127","0.7161631845790564","0.7161631845790564","0.7161631845790564","0.6406000226642491","0.6406000226642491","0.6406000226642491"
"217","0.814166133713464","0.814166133713464","0.814166133713464","0.8867332430430858","0.8867332430430858","0.8867332430430858","0.6572675893886967","0.6572675893886967","0.6572675893886967"
"218","0.8473267923596872","0.8473267923596872","0.8473267923596872","0.8103495599794942","0.8103495599794942","0.8103495599794942","0.8131006926499053","0.8131006926499053","0.8131006926499053"
"219","0.8295084694494859","0.8295084694494859","0.8295084694494859","0.9593803844859499","0.9593803844859499","0.9593803844859499","0.780438810305282","0.780438810305282","0.780438810305282"
"220","0.8287111145443651","0.8287111145443651","0.8287111145443651","0.806670617617202","0.806670617617202","0.806670617617202","0.7634387755102041","0.7634387755102041","0.7634387755102041"
"221","0.8409118035100638","0.8409118035100638","0.8409118035100638","0.8301000597371566","0.8301000597371566","0.8301000597371566","0.746767782373366","0.746767782373366","0.746767782373366"
"222","0.8409231305042476","0.8409231305042476","0.8409231305042476","0.9593887747628839","0.9593887747628839","0.9593887747628839","0.8241358452628998","0.8241358452628998","0.8241358452628998"
"223","0.8625987240635402","0.8625987240635402","0.8625987240635402","0.9593887747628839","0.9593887747628839","0.9593887747628839","0.8241358452628998","0.8241358452628998","0.8241358452628998"
"224","0.8253145272601794","0.8253145272601794","0.8253145272601794","0.959391515936685","0.959391515936685","0.959391515936685","0.8165423185945693","0.8165423185945693","0.8165423185945693"
"225","0.7687876751384815","0.7687876751384815","0.7687876751384815","0.9593974140188246","0.9593974140188246","0.9593974140188246","0.807468005245783","0.807468005245783","0.807468005245783"
"226","0.8423214734950583","0.8423214734950583","0.8423214734950583","0.9593981455504432","0.9593981455504432","0.9593981455504432","0.7998774936803991","0.7998774936803991","0.7998774936803991"
"227","0.8475355752572378","0.8475355752572378","0.8475355752572378","0.8867509494888656","0.8867509494888656","0.8867509494888656","0.825922907943899","0.825922907943899","0.825922907943899"
"228","0.8315988919961834","0.8315988919961834","0.8315988919961834","0.8893738717260079","0.8893738717260079","0.8893738717260079","0.8241347144918574","0.8241347144918574","0.8241347144918574"
"229","0.7626328643578643","0.7626328643578643","0.7626328643578643","0.860325362778787","0.860325362778787","0.860325362778787","0.8425914705537993","0.8425914705537993","0.8425914705537993"
"230","0.7170088989932202","0.7170088989932202","0.7170088989932202","0.8603310456373492","0.8603310456373492","0.8603310456373492","0.8567663026423147","0.8567663026423147","0.8567663026423147"
"231","0.783198974563317","0.783198974563317","0.783198974563317","0.8604162271718723","0.8604162271718723","0.8604162271718723","0.842599335188621","0.842599335188621","0.842599335188621"
"232","0.8495427818613698","0.8495427818613698","0.8495427818613698","0.8603008241758242","0.8603008241758242","0.8603008241758242","0.7634587242683097","0.7634587242683097","0.7634587242683097"
"233","0.8257184863159439","0.8257184863159439","0.8257184863159439","0.8069656499184362","0.8069656499184362","0.8069656499184362","0.7804608214925755","0.7804608214925755","0.7804608214925755"
"234","0.8257184863159439","0.8257184863159439","0.8257184863159439","0.8441893255443442","0.8441893255443442","0.8441893255443442","0.7804617122066759","0.7804617122066759","0.7804617122066759"
"235","0.841460425011126","0.841460425011126","0.841460425011126","0.8576164369256474","0.8576164369256474","0.8576164369256474","0.7804647593656002","0.7804647593656002","0.7804647593656002"
"236","0.8689516766201046","0.8689516766201046","0.8689516766201046","0.8512707304163725","0.8512707304163725","0.8512707304163725","0.7804646589658966","0.7804646589658966","0.7804646589658966"
"237","0.8180446735998874","0.8180446735998874","0.8180446735998874","0.8947574560953064","0.8947574560953064","0.8947574560953064","0.8134650210545351","0.8134650210545351","0.8134650210545351"
"238","0.8293253156923435","0.8293253156923435","0.8293253156923435","0.9077398354690716","0.9077398354690716","0.9077398354690716","0.8134651611783591","0.8134651611783591","0.8134651611783591"
"239","0.8087129022759864","0.8087129022759864","0.8087129022759864","0.9237129143214509","0.9237129143214509","0.9237129143214509","0.7634620401558682","0.7634620401558682","0.7634620401558682"
"240","0.7968032874716042","0.7968032874716042","0.7968032874716042","0.9103738876219348","0.9103738876219348","0.9103738876219348","0.7634600547984713","0.7634600547984713","0.7634600547984713"
"241","0.80475852970054","0.80475852970054","0.80475852970054","0.9077467704324831","0.9077467704324831","0.9077467704324831","0.7634616714412723","0.7634616714412723","0.7634616714412723"
"242","0.8547396731507668","0.8547396731507668","0.8547396731507668","0.9237131348923671","0.9237131348923671","0.9237131348923671","0.7634711226291507","0.7634711226291507","0.7634711226291507"
"243","0.8016633141762453","0.8016633141762453","0.8016633141762453","0.8867544244551704","0.8867544244551704","0.8867544244551704","0.7804676031076501","0.7804676031076501","0.7804676031076501"
"244","0.7440032679738562","0.7440032679738562","0.7440032679738562","0.9237009377515477","0.9237009377515477","0.9237009377515477","0.7804701213818861","0.7804701213818861","0.7804701213818861"
"245","0.7727694334650856","0.7727694334650856","0.7727694334650856","0.9237044534412955","0.9237044534412955","0.9237044534412955","0.8134693547193547","0.8134693547193547","0.8134693547193547"
"246","0.8281915042076984","0.8281915042076984","0.8281915042076984","0.8867540644888849","0.8867540644888849","0.8867540644888849","0.7964619179163378","0.7964619179163378","0.7964619179163378"
"247","0.7905708119305053","0.7905708119305053","0.7905708119305053","0.9009187982625484","0.9009187982625484","0.9009187982625484","0.7971296527344562","0.7971296527344562","0.7971296527344562"
"248","0.7900925173200757","0.7900925173200757","0.7900925173200757","0.9009172138641842","0.9009172138641842","0.9009172138641842","0.7971387026204404","0.7971387026204404","0.7971387026204404"
"249","0.8224005681818182","0.8224005681818182","0.8224005681818182","0.8908002356814311","0.8908002356814311","0.8908002356814311","0.7804656447053706","0.7804656447053706","0.7804656447053706"
"250","0.8215302625723186","0.8215302625723186","0.8215302625723186","0.8627784586334772","0.8627784586334772","0.8627784586334772","0.7971324561403508","0.7971324561403508","0.7971324561403508"
"251","0.8206367596169323","0.8206367596169323","0.8206367596169323","0.8627775266294657","0.8627775266294657","0.8627775266294657","0.7971336780503446","0.7971336780503446","0.7971336780503446"
"252","0.8048800347776712","0.8048800347776712","0.8048800347776712","0.8627804496140035","0.8627804496140035","0.8627804496140035","0.7801434864953887","0.7801434864953887","0.7801434864953887"
"253","0.804102539771018","0.804102539771018","0.804102539771018","0.8655083293479994","0.8655083293479994","0.8655083293479994","0.830137743006164","0.830137743006164","0.830137743006164"
"254","0.8218586396096901","0.8218586396096901","0.8218586396096901","0.8655084325396826","0.8655084325396826","0.8655084325396826","0.830134534583064","0.830134534583064","0.830134534583064"
"255","0.8218586396096901","0.8218586396096901","0.8218586396096901","0.8655084325396826","0.8655084325396826","0.8655084325396826","0.830134534583064","0.830134534583064","0.830134534583064"
"256","0.821875850340136","0.821875850340136","0.821875850340136","0.8655092517776342","0.8655092517776342","0.8655092517776342","0.8301312709599442","0.8301312709599442","0.8301312709599442"
"257","0.8220790719696969","0.8220790719696969","0.8220790719696969","0.8655035310986565","0.8655035310986565","0.8655035310986565","0.7801381436372068","0.7801381436372068","0.7801381436372068"
"258","0.8224479752247444","0.8224479752247444","0.8224479752247444","0.8627759971509971","0.8627759971509971","0.8627759971509971","0.7971218588322246","0.7971218588322246","0.7971218588322246"
"259","0.8053868306807316","0.8053868306807316","0.8053868306807316","0.8604446510446042","0.8604446510446042","0.8604446510446042","0.7860803730540897","0.7860803730540897","0.7860803730540897"
"260","0.8396662460363684","0.8396662460363684","0.8396662460363684","0.8566515097452067","0.8566515097452067","0.8566515097452067","0.7861647992530345","0.7861647992530345","0.7861647992530345"
"261","0.8401124850942499","0.8401124850942499","0.8401124850942499","0.8566485073400685","0.8566485073400685","0.8566485073400685","0.8037382359189464","0.8037382359189464","0.8037382359189464"
"262","0.8224647206708771","0.8224647206708771","0.8224647206708771","0.8584182364944084","0.8584182364944084","0.8584182364944084","0.8198477617655249","0.8198477617655249","0.8198477617655249"
"263","0.8385289868159653","0.8385289868159653","0.8385289868159653","0.8584210456895642","0.8584210456895642","0.8584210456895642","0.837182490932491","0.837182490932491","0.837182490932491"
"264","0.8377676665744848","0.8377676665744848","0.8377676665744848","0.8584274573415067","0.8584274573415067","0.8584274573415067","0.8369505551954767","0.8369505551954767","0.8369505551954767"
"265","0.8379563782991203","0.8379563782991203","0.8379563782991203","0.8604457671957672","0.8604457671957672","0.8604457671957672","0.8032553804308724","0.8032553804308724","0.8032553804308724"
"266","0.8212393925706933","0.8212393925706933","0.8212393925706933","0.8627871619340812","0.8627871619340812","0.8627871619340812","0.803081551548916","0.803081551548916","0.803081551548916"
"267","0.8382232353163956","0.8382232353163956","0.8382232353163956","0.8604489427049359","0.8604489427049359","0.8604489427049359","0.818836063363557","0.818836063363557","0.818836063363557"
"268","0.8379266034080044","0.8379266034080044","0.8379266034080044","0.8604503239619765","0.8604503239619765","0.8604503239619765","0.8202977600335744","0.8202977600335744","0.8202977600335744"
"269","0.8215884724295046","0.8215884724295046","0.8215884724295046","0.8604557111595056","0.8604557111595056","0.8604557111595056","0.8201866101275226","0.8201866101275226","0.8201866101275226"
"270","0.8220690369195524","0.8220690369195524","0.8220690369195524","0.8301288161606106","0.8301288161606106","0.8301288161606106","0.8209760466988728","0.8209760466988728","0.8209760466988728"
"271","0.8384013244720965","0.8384013244720965","0.8384013244720965","0.8301221573104127","0.8301221573104127","0.8301221573104127","0.8204312968593876","0.8204312968593876","0.8204312968593876"
"272","0.8376773243300869","0.8376773243300869","0.8376773243300869","0.8301214227911425","0.8301214227911425","0.8301214227911425","0.8197405935621396","0.8197405935621396","0.8197405935621396"
"273","0.8212875112556738","0.8212875112556738","0.8212875112556738","0.8301132979267327","0.8301132979267327","0.8301132979267327","0.8199573127251949","0.8199573127251949","0.8199573127251949"
"274","0.8226130319148937","0.8226130319148937","0.8226130319148937","0.8301158152319656","0.8301158152319656","0.8301158152319656","0.8201808035714286","0.8201808035714286","0.8201808035714286"
"275","0.8214190411715164","0.8214190411715164","0.8214190411715164","0.8301188612450989","0.8301188612450989","0.8301188612450989","0.8092201718586883","0.8092201718586883","0.8092201718586883"
"276","0.8381116221741223","0.8381116221741223","0.8381116221741223","0.8301288274831964","0.8301288274831964","0.8301288274831964","0.8199603478384195","0.8199603478384195","0.8199603478384195"
"277","0.8381116221741223","0.8381116221741223","0.8381116221741223","0.8627921587996965","0.8627921587996965","0.8627921587996965","0.819852546775554","0.819852546775554","0.819852546775554"
"278","0.8381069393569394","0.8381069393569394","0.8381069393569394","0.8627910702034207","0.8627910702034207","0.8627910702034207","0.8200777332580524","0.8200777332580524","0.8200777332580524"
"279","0.8379484567064825","0.8379484567064825","0.8379484567064825","0.8655134338680044","0.8655134338680044","0.8655134338680044","0.8198577158349505","0.8198577158349505","0.8198577158349505"
"280","0.8585369613187954","0.8585369613187954","0.8585369613187954","0.8655200404663261","0.8655200404663261","0.8655200404663261","0.8206514945059047","0.8206514945059047","0.8206514945059047"
"281","0.8585341080876796","0.8585341080876796","0.8585341080876796","0.8655196078431372","0.8655196078431372","0.8655196078431372","0.8368581284754448","0.8368581284754448","0.8368581284754448"
"282","0.8585286690433749","0.8585286690433749","0.8585286690433749","0.8655217500628614","0.8655217500628614","0.8655217500628614","0.8301344202506049","0.8301344202506049","0.8301344202506049"
"283","0.8585229351343746","0.8585229351343746","0.8585229351343746","0.8655115303983228","0.8655115303983228","0.8655115303983228","0.8134769210190558","0.8134769210190558","0.8134769210190558"
"284","0.8372867885018085","0.8372867885018085","0.8372867885018085","0.8687306060288452","0.8687306060288452","0.8687306060288452","0.8134756573083779","0.8134756573083779","0.8134756573083779"
"285","0.8567502437557049","0.8567502437557049","0.8567502437557049","0.8655104272917145","0.8655104272917145","0.8655104272917145","0.7968063063063063","0.7968063063063063","0.7968063063063063"
"286","0.858519910605445","0.858519910605445","0.858519910605445","0.8687397548687871","0.8687397548687871","0.8687397548687871","0.8213219944418799","0.8213219944418799","0.8213219944418799"
"287","0.8605425495557074","0.8605425495557074","0.8605425495557074","0.8687397548687871","0.8687397548687871","0.8687397548687871","0.8213219944418799","0.8213219944418799","0.8213219944418799"
"288","0.8372659285159285","0.8372659285159285","0.8372659285159285","0.8687411349587725","0.8687411349587725","0.8687411349587725","0.8210415610577786","0.8210415610577786","0.8210415610577786"
"289","0.8372729351343746","0.8372729351343746","0.8372729351343746","0.8687462323883643","0.8687462323883643","0.8687462323883643","0.8204138516864674","0.8204138516864674","0.8204138516864674"
"290","0.8366720191040844","0.8366720191040844","0.8366720191040844","0.8687382973734266","0.8687382973734266","0.8687382973734266","0.8197896407979616","0.8197896407979616","0.8197896407979616"
"291","0.836658692185008","0.836658692185008","0.836658692185008","0.8725985386141637","0.8725985386141637","0.8725985386141637","0.8197903298534281","0.8197903298534281","0.8197903298534281"
"292","0.83644558504795","0.83644558504795","0.83644558504795","0.7301101514260512","0.7301101514260512","0.7301101514260512","0.8201982963016363","0.8201982963016363","0.8201982963016363"
"293","0.8365386192921311","0.8365386192921311","0.8365386192921311","0.872610330800522","0.872610330800522","0.872610330800522","0.8204233208951056","0.8204233208951056","0.8204233208951056"
"294","0.8364371426671986","0.8364371426671986","0.8364371426671986","0.872604158621459","0.872604158621459","0.872604158621459","0.8205406027145157","0.8205406027145157","0.8205406027145157"
"295","0.8379467184167992","0.8379467184167992","0.8379467184167992","0.7318941751774964","0.7318941751774964","0.7318941751774964","0.8207842200317094","0.8207842200317094","0.8207842200317094"
"296","0.8373097826086957","0.8373097826086957","0.8373097826086957","0.727422472730082","0.727422472730082","0.727422472730082","0.8209169503741872","0.8209169503741872","0.8209169503741872"
"297","0.8367276973596893","0.8367276973596893","0.8367276973596893","0.8687369251292743","0.8687369251292743","0.8687369251292743","0.8134947865754316","0.8134947865754316","0.8134947865754316"
"298","0.8367276973596893","0.8367276973596893","0.8367276973596893","0.8726130075598161","0.8726130075598161","0.8726130075598161","0.8134994481236203","0.8134994481236203","0.8134994481236203"
"299","0.8368706801729693","0.8368706801729693","0.8368706801729693","0.8726072838461809","0.8726072838461809","0.8726072838461809","0.8301616623660959","0.8301616623660959","0.8301616623660959"