"Step","yolo_tomo_v1 - metrics/recall","yolo_tomo_v1 - metrics/recall__MIN","yolo_tomo_v1 - metrics/recall__MAX","yDICOM4 - metrics/recall","yDICOM4 - metrics/recall__MIN","yDICOM4 - metrics/recall__MAX","yDICOM3 - metrics/recall","yDICOM3 - metrics/recall__MIN","yDICOM3 - metrics/recall__MAX"
"0","0.1","0.1","0.1","0","0","0","0.1","0.1","0.1"
"1","0","0","0","0","0","0","0.1","0.1","0.1"
"2","0.1","0.1","0.1","0.1","0.1","0.1","0","0","0"
"3","0","0","0","0","0","0","0","0","0"
"4","0","0","0","0","0","0","0","0","0"
"5","0","0","0","0","0","0","0","0","0"
"6","0.1","0.1","0.1","0","0","0","0.1","0.1","0.1"
"7","0.1","0.1","0.1","0","0","0","0","0","0"
"8","0.1","0.1","0.1","0","0","0","0","0","0"
"9","0.1","0.1","0.1","0","0","0","0.1","0.1","0.1"
"10","0.1","0.1","0.1","0","0","0","0.1","0.1","0.1"
"11","0.1","0.1","0.1","0","0","0","0.1","0.1","0.1"
"12","0.1","0.1","0.1","0","0","0","0","0","0"
"13","0.1","0.1","0.1","0","0","0","0","0","0"
"14","0.1","0.1","0.1","0","0","0","0.1","0.1","0.1"
"15","0.1","0.1","0.1","0.1","0.1","0.1","0.1","0.1","0.1"
"16","0","0","0","0","0","0","0.1","0.1","0.1"
"17","0","0","0","0","0","0","0.1","0.1","0.1"
"18","0","0","0","0.1","0.1","0.1","0.2","0.2","0.2"
"19","0","0","0","0","0","0","0.1","0.1","0.1"
"20","0","0","0","0.1","0.1","0.1","0.3","0.3","0.3"
"21","0","0","0","0.1","0.1","0.1","0.3","0.3","0.3"
"22","0","0","0","0.1","0.1","0.1","0.2","0.2","0.2"
"23","0","0","0","0","0","0","0.2","0.2","0.2"
"24","0","0","0","0.1","0.1","0.1","0.2","0.2","0.2"
"25","0","0","0","0","0","0","0.2","0.2","0.2"
"26","0","0","0","0.1","0.1","0.1","0.2","0.2","0.2"
"27","0","0","0","0.1","0.1","0.1","0.2","0.2","0.2"
"28","0","0","0","0.1","0.1","0.1","0.1","0.1","0.1"
"29","0","0","0","0","0","0","0","0","0"
"30","0","0","0","0.2","0.2","0.2","0","0","0"
"31","0","0","0","0.2","0.2","0.2","0","0","0"
"32","0","0","0","0.2","0.2","0.2","0.1","0.1","0.1"
"33","0","0","0","0.3","0.3","0.3","0.2","0.2","0.2"
"34","0","0","0","0.3","0.3","0.3","0","0","0"
"35","0","0","0","0.1","0.1","0.1","0","0","0"
"36","0.1","0.1","0.1","0.1","0.1","0.1","0.1","0.1","0.1"
"37","0.2","0.2","0.2","0","0","0","0.1","0.1","0.1"
"38","0.2","0.2","0.2","0","0","0","0.1","0.1","0.1"
"39","0.0978791166415917","0.0978791166415917","0.0978791166415917","0","0","0","0.1","0.1","0.1"
"40","0.2","0.2","0.2","0","0","0","0.2","0.2","0.2"
"41","0.19989912317749373","0.19989912317749373","0.19989912317749373","0.1","0.1","0.1","0.1","0.1","0.1"
"42","0.19989912317749373","0.19989912317749373","0.19989912317749373","0.1","0.1","0.1","0","0","0"
"43","0.2993541064491533","0.2993541064491533","0.2993541064491533","0.2","0.2","0.2","0","0","0"
"44","0.2995390880207634","0.2995390880207634","0.2995390880207634","0","0","0","0","0","0"
"45","0.39824095940600795","0.39824095940600795","0.39824095940600795","0.1","0.1","0.1","0","0","0"
"46","0.2998303823721025","0.2998303823721025","0.2998303823721025","0","0","0","0.1","0.1","0.1"
"47","0.39998707416124835","0.39998707416124835","0.39998707416124835","0","0","0","0.1","0.1","0.1"
"48","0.4","0.4","0.4","0","0","0","0.06165262036229779","0.06165262036229779","0.06165262036229779"
"49","0.4","0.4","0.4","0","0","0","0.18333333333333335","0.18333333333333335","0.18333333333333335"
"50","0.29968057726342323","0.29968057726342323","0.29968057726342323","0","0","0","0","0","0"
"51","0.29981460489186756","0.29981460489186756","0.29981460489186756","0","0","0","0.48333333333333334","0.48333333333333334","0.48333333333333334"
"52","0.4","0.4","0.4","0","0","0","0.48333333333333334","0.48333333333333334","0.48333333333333334"
"53","0.3","0.3","0.3","0.2","0.2","0.2","0.3","0.3","0.3"
"54","0.29996588179771366","0.29996588179771366","0.29996588179771366","0.1","0.1","0.1","0.1","0.1","0.1"
"55","0.29951675031040115","0.29951675031040115","0.29951675031040115","0.1","0.1","0.1","0.2","0.2","0.2"
"56","0.2999587087087087","0.2999587087087087","0.2999587087087087","0.1","0.1","0.1","0.2","0.2","0.2"
"57","0.29972434555767885","0.29972434555767885","0.29972434555767885","0.1","0.1","0.1","0.2","0.2","0.2"
"58","0.3998209526945159","0.3998209526945159","0.3998209526945159","0.1","0.1","0.1","0.2","0.2","0.2"
"59","0.4","0.4","0.4","0.1","0.1","0.1","0.3","0.3","0.3"
"60","0.4","0.4","0.4","0.1","0.1","0.1","0.3","0.3","0.3"
"61","0.4","0.4","0.4","0.1","0.1","0.1","0.1","0.1","0.1"
"62","0.39903572637385587","0.39903572637385587","0.39903572637385587","0.1","0.1","0.1","0.2","0.2","0.2"
"63","0.39903572637385587","0.39903572637385587","0.39903572637385587","0.1","0.1","0.1","0.2","0.2","0.2"
"64","0.4","0.4","0.4","0.1","0.1","0.1","0.2","0.2","0.2"
"65","0.4","0.4","0.4","0.1","0.1","0.1","0.2986262262262262","0.2986262262262262","0.2986262262262262"
"66","0.39840768603655197","0.39840768603655197","0.39840768603655197","0.1","0.1","0.1","0.2972630287945604","0.2972630287945604","0.2972630287945604"
"67","0.4","0.4","0.4","0.1","0.1","0.1","0.3","0.3","0.3"
"68","0.4","0.4","0.4","0.1","0.1","0.1","0.3","0.3","0.3"
"69","0.4999047828316121","0.4999047828316121","0.4999047828316121","0.19350714350714396","0.19350714350714396","0.19350714350714396","0.2999610721832943","0.2999610721832943","0.2999610721832943"
"70","0.5","0.5","0.5","0.1","0.1","0.1","0.2","0.2","0.2"
"71","0.5","0.5","0.5","0.1","0.1","0.1","0.4","0.4","0.4"
"72","0.5","0.5","0.5","0.19954910662875264","0.19954910662875264","0.19954910662875264","0.39988480401406795","0.39988480401406795","0.39988480401406795"
"73","0.5","0.5","0.5","0.19935986619530924","0.19935986619530924","0.19935986619530924","0.29987637911135184","0.29987637911135184","0.29987637911135184"
"74","0.3","0.3","0.3","0.2","0.2","0.2","0.39901329901329907","0.39901329901329907","0.39901329901329907"
"75","0.3","0.3","0.3","0.19961533860904934","0.19961533860904934","0.19961533860904934","0.3","0.3","0.3"
"76","0.49894546287581115","0.49894546287581115","0.49894546287581115","0.3","0.3","0.3","0.3","0.3","0.3"
"77","0.4990632423468245","0.4990632423468245","0.4990632423468245","0.2996300648474562","0.2996300648474562","0.2996300648474562","0.2991425228044946","0.2991425228044946","0.2991425228044946"
"78","0.4997439445715308","0.4997439445715308","0.4997439445715308","0.2","0.2","0.2","0.4","0.4","0.4"
"79","0.39963157349727224","0.39963157349727224","0.39963157349727224","0.2","0.2","0.2","0.2","0.2","0.2"
"80","0.4","0.4","0.4","0.199946533564281","0.199946533564281","0.199946533564281","0.2","0.2","0.2"
"81","0.4","0.4","0.4","0.2","0.2","0.2","0.2","0.2","0.2"
"82","0.49351608018274684","0.49351608018274684","0.49351608018274684","0.2","0.2","0.2","0.2","0.2","0.2"
"83","0.5832756955205934","0.5832756955205934","0.5832756955205934","0.19988363104305135","0.19988363104305135","0.19988363104305135","0.3","0.3","0.3"
"84","0.49891647745306283","0.49891647745306283","0.49891647745306283","0.2992641007020092","0.2992641007020092","0.2992641007020092","0.3","0.3","0.3"
"85","0.49891647745306283","0.49891647745306283","0.49891647745306283","0.19996579444148085","0.19996579444148085","0.19996579444148085","0.3","0.3","0.3"
"86","0.3","0.3","0.3","0.3833333333333333","0.3833333333333333","0.3833333333333333","0.3","0.3","0.3"
"87","0.5","0.5","0.5","0.38301271932078773","0.38301271932078773","0.38301271932078773","0.2985826948443771","0.2985826948443771","0.2985826948443771"
"88","0.4996257368479591","0.4996257368479591","0.4996257368479591","0.3833333333333333","0.3833333333333333","0.3833333333333333","0.3","0.3","0.3"
"89","0.4991163070827641","0.4991163070827641","0.4991163070827641","0.3","0.3","0.3","0.3","0.3","0.3"
"90","0.4","0.4","0.4","0.39983674370612143","0.39983674370612143","0.39983674370612143","0.29949147142129595","0.29949147142129595","0.29949147142129595"
"91","0.3958134134134134","0.3958134134134134","0.3958134134134134","0.3833333333333333","0.3833333333333333","0.3833333333333333","0.3","0.3","0.3"
"92","0.5","0.5","0.5","0.3833333333333333","0.3833333333333333","0.3833333333333333","0.3","0.3","0.3"
"93","0.4","0.4","0.4","0.3833333333333333","0.3833333333333333","0.3833333333333333","0.3","0.3","0.3"
"94","0.3","0.3","0.3","0.5825480025480025","0.5825480025480025","0.5825480025480025","0.39954709954709955","0.39954709954709955","0.39954709954709955"
"95","0.3","0.3","0.3","0.5825480025480025","0.5825480025480025","0.5825480025480025","0.39954709954709955","0.39954709954709955","0.39954709954709955"
"96","0.49925750492760806","0.49925750492760806","0.49925750492760806","0.3","0.3","0.3","0.39878069558920626","0.39878069558920626","0.39878069558920626"
"97","0.49969783041678467","0.49969783041678467","0.49969783041678467","0.3996691991829755","0.3996691991829755","0.3996691991829755","0.4","0.4","0.4"
"98","0.5","0.5","0.5","0.39979869979869986","0.39979869979869986","0.39979869979869986","0.4","0.4","0.4"
"99","0.49970064964133765","0.49970064964133765","0.49970064964133765","0.4","0.4","0.4","0.39971195685481403","0.39971195685481403","0.39971195685481403"
"100","0.4998231838395773","0.4998231838395773","0.4998231838395773","0.4","0.4","0.4","0.4","0.4","0.4"
"101","0.4","0.4","0.4","0.39183531357444423","0.39183531357444423","0.39183531357444423","0.4","0.4","0.4"
"102","0.49993993993993996","0.49993993993993996","0.49993993993993996","0.4","0.4","0.4","0.4","0.4","0.4"
"103","0.5","0.5","0.5","0.4","0.4","0.4","0.4","0.4","0.4"
"104","0.583249227188621","0.583249227188621","0.583249227188621","0.39995356034959995","0.39995356034959995","0.39995356034959995","0.4","0.4","0.4"
"105","0.5833333333333334","0.5833333333333334","0.5833333333333334","0.3997915147168879","0.3997915147168879","0.3997915147168879","0.4","0.4","0.4"
"106","0.5833333333333334","0.5833333333333334","0.5833333333333334","0.4","0.4","0.4","0.3994720658668457","0.3994720658668457","0.3994720658668457"
"107","0.5833333333333334","0.5833333333333334","0.5833333333333334","0.39968647218647224","0.39968647218647224","0.39968647218647224","0.4","0.4","0.4"
"108","0.48333333333333334","0.48333333333333334","0.48333333333333334","0.48333333333333334","0.48333333333333334","0.48333333333333334","0.29989274365909063","0.29989274365909063","0.29989274365909063"
"109","0.48333333333333334","0.48333333333333334","0.48333333333333334","0.4","0.4","0.4","0.4","0.4","0.4"
"110","0.7483100384334953","0.7483100384334953","0.7483100384334953","0.4","0.4","0.4","0.4","0.4","0.4"
"111","0.48333333333333334","0.48333333333333334","0.48333333333333334","0.4","0.4","0.4","0.4","0.4","0.4"
"112","0.48333333333333334","0.48333333333333334","0.48333333333333334","0.48333333333333334","0.48333333333333334","0.48333333333333334","0.4","0.4","0.4"
"113","0.48333333333333334","0.48333333333333334","0.48333333333333334","0.48333333333333334","0.48333333333333334","0.48333333333333334","0.399601453305157","0.399601453305157","0.399601453305157"
"114","0.5813722813722815","0.5813722813722815","0.5813722813722815","0.48333333333333334","0.48333333333333334","0.48333333333333334","0.39970533303866634","0.39970533303866634","0.39970533303866634"
"115","0.48333333333333334","0.48333333333333334","0.48333333333333334","0.5666666666666667","0.5666666666666667","0.5666666666666667","0.4","0.4","0.4"
"116","0.48333333333333334","0.48333333333333334","0.48333333333333334","0.5656938419901383","0.5656938419901383","0.5656938419901383","0.3999174432164123","0.3999174432164123","0.3999174432164123"
"117","0.48333333333333334","0.48333333333333334","0.48333333333333334","0.48320792490603814","0.48320792490603814","0.48320792490603814","0.39974757366061714","0.39974757366061714","0.39974757366061714"
"118","0.48333333333333334","0.48333333333333334","0.48333333333333334","0.5666666666666667","0.5666666666666667","0.5666666666666667","0.4","0.4","0.4"
"119","0.5833333333333334","0.5833333333333334","0.5833333333333334","0.565940530694629","0.565940530694629","0.565940530694629","0.4","0.4","0.4"
"120","0.5833333333333334","0.5833333333333334","0.5833333333333334","0.5666666666666667","0.5666666666666667","0.5666666666666667","0.499816853890928","0.499816853890928","0.499816853890928"
"121","0.5833333333333334","0.5833333333333334","0.5833333333333334","0.48333333333333334","0.48333333333333334","0.48333333333333334","0.5833333333333334","0.5833333333333334","0.5833333333333334"
"122","0.5833333333333334","0.5833333333333334","0.5833333333333334","0.48333333333333334","0.48333333333333334","0.48333333333333334","0.5833333333333334","0.5833333333333334","0.5833333333333334"
"123","0.5833333333333334","0.5833333333333334","0.5833333333333334","0.48333333333333334","0.48333333333333334","0.48333333333333334","0.5833333333333334","0.5833333333333334","0.5833333333333334"
"124","0.5833333333333334","0.5833333333333334","0.5833333333333334","0.48333333333333334","0.48333333333333334","0.48333333333333334","0.5827750430843214","0.5827750430843214","0.5827750430843214"
"125","0.5833333333333334","0.5833333333333334","0.5833333333333334","0.5833333333333334","0.5833333333333334","0.5833333333333334","0.48300447883781217","0.48300447883781217","0.48300447883781217"
"126","0.5833333333333334","0.5833333333333334","0.5833333333333334","0.5833333333333334","0.5833333333333334","0.5833333333333334","0.5833333333333334","0.5833333333333334","0.5833333333333334"
"127","0.5833333333333334","0.5833333333333334","0.5833333333333334","0.5833333333333334","0.5833333333333334","0.5833333333333334","0.5833333333333334","0.5833333333333334","0.5833333333333334"
"128","0.5833333333333334","0.5833333333333334","0.5833333333333334","0.6666666666666666","0.6666666666666666","0.6666666666666666","0.583157863746099","0.583157863746099","0.583157863746099"
"129","0.5833333333333334","0.5833333333333334","0.5833333333333334","0.6655343731367123","0.6655343731367123","0.6655343731367123","0.5831218880021827","0.5831218880021827","0.5831218880021827"
"130","0.5833333333333334","0.5833333333333334","0.5833333333333334","0.49910262375051107","0.49910262375051107","0.49910262375051107","0.582684199350866","0.582684199350866","0.582684199350866"
"131","0.5832873799065971","0.5832873799065971","0.5832873799065971","0.5","0.5","0.5","0.5833333333333334","0.5833333333333334","0.5833333333333334"
"132","0.5833333333333334","0.5833333333333334","0.5833333333333334","0.4992973171190993","0.4992973171190993","0.4992973171190993","0.5833333333333334","0.5833333333333334","0.5833333333333334"
"133","0.5833333333333334","0.5833333333333334","0.5833333333333334","0.4996751086346462","0.4996751086346462","0.4996751086346462","0.583321742795427","0.583321742795427","0.583321742795427"
"134","0.5833333333333334","0.5833333333333334","0.5833333333333334","0.5","0.5","0.5","0.582302772571229","0.582302772571229","0.582302772571229"
"135","0.5833333333333334","0.5833333333333334","0.5833333333333334","0.5833333333333334","0.5833333333333334","0.5833333333333334","0.5829279279279279","0.5829279279279279","0.5829279279279279"
"136","0.5833333333333334","0.5833333333333334","0.5833333333333334","0.5833333333333334","0.5833333333333334","0.5833333333333334","0.48333333333333334","0.48333333333333334","0.48333333333333334"
"137","0.6665484775240873","0.6665484775240873","0.6665484775240873","0.831794789139422","0.831794789139422","0.831794789139422","0.48333333333333334","0.48333333333333334","0.48333333333333334"
"138","0.5833333333333334","0.5833333333333334","0.5833333333333334","0.5833333333333334","0.5833333333333334","0.5833333333333334","0.48333333333333334","0.48333333333333334","0.48333333333333334"
"139","0.5833333333333334","0.5833333333333334","0.5833333333333334","0.5","0.5","0.5","0.48333333333333334","0.48333333333333334","0.48333333333333334"
"140","0.5833333333333334","0.5833333333333334","0.5833333333333334","0.5","0.5","0.5","0.48333333333333334","0.48333333333333334","0.48333333333333334"
"141","0.5833333333333334","0.5833333333333334","0.5833333333333334","0.49985535472261133","0.49985535472261133","0.49985535472261133","0.4","0.4","0.4"
"142","0.6194524668645317","0.6194524668645317","0.6194524668645317","0.5","0.5","0.5","0.4","0.4","0.4"
"143","0.599544568925223","0.599544568925223","0.599544568925223","0.5833333333333334","0.5833333333333334","0.5833333333333334","0.5833333333333334","0.5833333333333334","0.5833333333333334"
"144","0.6178761962529","0.6178761962529","0.6178761962529","0.5833333333333334","0.5833333333333334","0.5833333333333334","0.5833333333333334","0.5833333333333334","0.5833333333333334"
"145","0.6285737424541106","0.6285737424541106","0.6285737424541106","0.5833333333333334","0.5833333333333334","0.5833333333333334","0.5833333333333334","0.5833333333333334","0.5833333333333334"
"146","0.8311149977816644","0.8311149977816644","0.8311149977816644","0.5830234996901665","0.5830234996901665","0.5830234996901665","0.5833333333333334","0.5833333333333334","0.5833333333333334"
"147","0.6305263007273689","0.6305263007273689","0.6305263007273689","0.5831371664704998","0.5831371664704998","0.5831371664704998","0.5833333333333334","0.5833333333333334","0.5833333333333334"
"148","0.7491217768995546","0.7491217768995546","0.7491217768995546","0.75","0.75","0.75","0.75","0.75","0.75"
"149","0.7491217768995546","0.7491217768995546","0.7491217768995546","0.7498667761612745","0.7498667761612745","0.7498667761612745","0.6645906180152755","0.6645906180152755","0.6645906180152755"
"150","0.75","0.75","0.75","0.75","0.75","0.75","0.5666666666666667","0.5666666666666667","0.5666666666666667"
"151","0.8254275517347412","0.8254275517347412","0.8254275517347412","0.75","0.75","0.75","0.9166666666666667","0.9166666666666667","0.9166666666666667"
"152","0.8333333333333333","0.8333333333333333","0.8333333333333333","0.75","0.75","0.75","0.6456553219886554","0.6456553219886554","0.6456553219886554"
"153","0.8333333333333333","0.8333333333333333","0.8333333333333333","0.8332827997079204","0.8332827997079204","0.8332827997079204","0.5666666666666667","0.5666666666666667","0.5666666666666667"
"154","0.8333333333333333","0.8333333333333333","0.8333333333333333","0.8331471218643036","0.8331471218643036","0.8331471218643036","0.5661967026550361","0.5661967026550361","0.5661967026550361"
"155","0.8322956289622956","0.8322956289622956","0.8322956289622956","0.7497476423792213","0.7497476423792213","0.7497476423792213","0.5666666666666667","0.5666666666666667","0.5666666666666667"
"156","0.8333333333333333","0.8333333333333333","0.8333333333333333","0.666532604032604","0.666532604032604","0.666532604032604","0.5666473139806474","0.5666473139806474","0.5666473139806474"
"157","0.75","0.75","0.75","0.8333333333333333","0.8333333333333333","0.8333333333333333","0.5666666666666667","0.5666666666666667","0.5666666666666667"
"158","0.6663440435740905","0.6663440435740905","0.6663440435740905","0.75","0.75","0.75","0.5666336695345134","0.5666336695345134","0.5666336695345134"
"159","0.6666666666666666","0.6666666666666666","0.6666666666666666","0.75","0.75","0.75","0.5666336695345134","0.5666336695345134","0.5666336695345134"
"160","0.8333333333333333","0.8333333333333333","0.8333333333333333","0.7496230594096672","0.7496230594096672","0.7496230594096672","0.65","0.65","0.65"
"161","0.8333333333333333","0.8333333333333333","0.8333333333333333","0.75","0.75","0.75","0.48275838652723074","0.48275838652723074","0.48275838652723074"
"162","0.6666666666666666","0.6666666666666666","0.6666666666666666","0.7491070747421786","0.7491070747421786","0.7491070747421786","0.65","0.65","0.65"
"163","0.6666666666666666","0.6666666666666666","0.6666666666666666","0.75","0.75","0.75","0.5499653540654605","0.5499653540654605","0.5499653540654605"
"164","0.749482867325403","0.749482867325403","0.749482867325403","0.6665025298286793","0.6665025298286793","0.6665025298286793","0.3833333333333333","0.3833333333333333","0.3833333333333333"
"165","0.6666666666666666","0.6666666666666666","0.6666666666666666","0.6321028462515274","0.6321028462515274","0.6321028462515274","0.38306478415174067","0.38306478415174067","0.38306478415174067"
"166","0.6666666666666666","0.6666666666666666","0.6666666666666666","0.637565777364266","0.637565777364266","0.637565777364266","0.55","0.55","0.55"
"167","0.6665638935436358","0.6665638935436358","0.6665638935436358","0.606033950617284","0.606033950617284","0.606033950617284","0.6333333333333333","0.6333333333333333","0.6333333333333333"
"168","0.6665802883751601","0.6665802883751601","0.6665802883751601","0.6522054312376893","0.6522054312376893","0.6522054312376893","0.6329181895073368","0.6329181895073368","0.6329181895073368"
"169","0.6666666666666666","0.6666666666666666","0.6666666666666666","0.6241405994523201","0.6241405994523201","0.6241405994523201","0.6333333333333333","0.6333333333333333","0.6333333333333333"
"170","0.6666666666666666","0.6666666666666666","0.6666666666666666","0.6042932960919913","0.6042932960919913","0.6042932960919913","0.5935651070571706","0.5935651070571706","0.5935651070571706"
"171","0.6666666666666666","0.6666666666666666","0.6666666666666666","0.5666666666666667","0.5666666666666667","0.5666666666666667","0.7328282668633546","0.7328282668633546","0.7328282668633546"
"172","0.6665024042307147","0.6665024042307147","0.6665024042307147","0.573540419400292","0.573540419400292","0.573540419400292","0.6900453238503553","0.6900453238503553","0.6900453238503553"
"173","0.6666304614799985","0.6666304614799985","0.6666304614799985","0.5848266620196445","0.5848266620196445","0.5848266620196445","0.75","0.75","0.75"
"174","0.6666666666666666","0.6666666666666666","0.6666666666666666","0.6663945982260786","0.6663945982260786","0.6663945982260786","0.6703323742531438","0.6703323742531438","0.6703323742531438"
"175","0.6664805528799239","0.6664805528799239","0.6664805528799239","0.6606673071461804","0.6606673071461804","0.6606673071461804","0.7030431852811959","0.7030431852811959","0.7030431852811959"
"176","0.7377825252545611","0.7377825252545611","0.7377825252545611","0.6666666666666666","0.6666666666666666","0.6666666666666666","0.7498241981186713","0.7498241981186713","0.7498241981186713"
"177","0.7499127549449611","0.7499127549449611","0.7499127549449611","0.6666666666666666","0.6666666666666666","0.6666666666666666","0.666409317118537","0.666409317118537","0.666409317118537"
"178","0.7495350647805428","0.7495350647805428","0.7495350647805428","0.6666666666666666","0.6666666666666666","0.6666666666666666","0.9140948708849944","0.9140948708849944","0.9140948708849944"
"179","0.7494343570374499","0.7494343570374499","0.7494343570374499","0.5832772256383367","0.5832772256383367","0.5832772256383367","0.6666666666666666","0.6666666666666666","0.6666666666666666"
"180","0.8332872176300011","0.8332872176300011","0.8332872176300011","0.5833333333333334","0.5833333333333334","0.5833333333333334","0.6666666666666666","0.6666666666666666","0.6666666666666666"
"181","0.7497363065544884","0.7497363065544884","0.7497363065544884","0.9163957518124185","0.9163957518124185","0.9163957518124185","0.8004245610031447","0.8004245610031447","0.8004245610031447"
"182","0.75","0.75","0.75","0.9145436516328536","0.9145436516328536","0.9145436516328536","0.6666666666666666","0.6666666666666666","0.6666666666666666"
"183","0.7991990561750185","0.7991990561750185","0.7991990561750185","0.9166666666666667","0.9166666666666667","0.9166666666666667","0.6665324019671846","0.6665324019671846","0.6665324019671846"
"184","0.8014828090585666","0.8014828090585666","0.8014828090585666","0.9166666666666667","0.9166666666666667","0.9166666666666667","0.7495027579662996","0.7495027579662996","0.7495027579662996"
"185","0.8327755091666491","0.8327755091666491","0.8327755091666491","0.8333333333333333","0.8333333333333333","0.8333333333333333","0.75","0.75","0.75"
"186","0.8231285347474117","0.8231285347474117","0.8231285347474117","0.8333333333333333","0.8333333333333333","0.8333333333333333","0.7490815177784016","0.7490815177784016","0.7490815177784016"
"187","0.8284595052568908","0.8284595052568908","0.8284595052568908","0.7482686045904436","0.7482686045904436","0.7482686045904436","0.7497147147147147","0.7497147147147147","0.7497147147147147"
"188","0.8333272389588979","0.8333272389588979","0.8333272389588979","0.9140254712543869","0.9140254712543869","0.9140254712543869","0.7496992045631782","0.7496992045631782","0.7496992045631782"
"189","0.8333333333333333","0.8333333333333333","0.8333333333333333","0.8329512754006309","0.8329512754006309","0.8329512754006309","0.7498549419566822","0.7498549419566822","0.7498549419566822"
"190","0.8333333333333333","0.8333333333333333","0.8333333333333333","0.9162056200344488","0.9162056200344488","0.9162056200344488","0.7488443728281127","0.7488443728281127","0.7488443728281127"
"191","0.8333333333333333","0.8333333333333333","0.8333333333333333","0.9162056200344488","0.9162056200344488","0.9162056200344488","0.7488443728281127","0.7488443728281127","0.7488443728281127"
"192","0.8327765635457943","0.8327765635457943","0.8327765635457943","0.8333333333333333","0.8333333333333333","0.8333333333333333","0.666631640071775","0.666631640071775","0.666631640071775"
"193","0.8333333333333333","0.8333333333333333","0.8333333333333333","0.9990850779857872","0.9990850779857872","0.9990850779857872","0.6664153277802","0.6664153277802","0.6664153277802"
"194","0.8333333333333333","0.8333333333333333","0.8333333333333333","0.9161307904763402","0.9161307904763402","0.9161307904763402","0.6666666666666666","0.6666666666666666","0.6666666666666666"
"195","0.75","0.75","0.75","0.9166666666666667","0.9166666666666667","0.9166666666666667","0.6666666666666666","0.6666666666666666","0.6666666666666666"
"196","0.7498398193694717","0.7498398193694717","0.7498398193694717","0.6666666666666666","0.6666666666666666","0.6666666666666666","0.6666666666666666","0.6666666666666666","0.6666666666666666"
"197","0.75","0.75","0.75","0.6666666666666666","0.6666666666666666","0.6666666666666666","0.6666666666666666","0.6666666666666666","0.6666666666666666"
"198","0.7630718836859187","0.7630718836859187","0.7630718836859187","0.9982073094004213","0.9982073094004213","0.9982073094004213","0.6666666666666666","0.6666666666666666","0.6666666666666666"
"199","0.7770311051792533","0.7770311051792533","0.7770311051792533","0.9982154285432974","0.9982154285432974","0.9982154285432974","0.6666666666666666","0.6666666666666666","0.6666666666666666"
"200","0.7486792347903459","0.7486792347903459","0.7486792347903459","0.8333333333333333","0.8333333333333333","0.8333333333333333","0.6666666666666666","0.6666666666666666","0.6666666666666666"
"201","0.8333333333333333","0.8333333333333333","0.8333333333333333","0.8322842072842073","0.8322842072842073","0.8322842072842073","0.6663526868311945","0.6663526868311945","0.6663526868311945"
"202","0.8329160629682628","0.8329160629682628","0.8329160629682628","0.8333123410386104","0.8333123410386104","0.8333123410386104","0.6666279487034203","0.6666279487034203","0.6666279487034203"
"203","0.8333333333333333","0.8333333333333333","0.8333333333333333","0.7489161477862043","0.7489161477862043","0.7489161477862043","0.66624698092588","0.66624698092588","0.66624698092588"
"204","0.8333333333333333","0.8333333333333333","0.8333333333333333","0.9157373856020843","0.9157373856020843","0.9157373856020843","0.7061261322038492","0.7061261322038492","0.7061261322038492"
"205","0.8332319247351927","0.8332319247351927","0.8332319247351927","0.5833333333333334","0.5833333333333334","0.5833333333333334","0.7273538001296869","0.7273538001296869","0.7273538001296869"
"206","0.8333333333333333","0.8333333333333333","0.8333333333333333","0.5833333333333334","0.5833333333333334","0.5833333333333334","0.8287151492577849","0.8287151492577849","0.8287151492577849"
"207","0.8333333333333333","0.8333333333333333","0.8333333333333333","0.5833333333333334","0.5833333333333334","0.5833333333333334","0.8330424380943738","0.8330424380943738","0.8330424380943738"
"208","0.8333333333333333","0.8333333333333333","0.8333333333333333","0.6666666666666666","0.6666666666666666","0.6666666666666666","0.7887083769648611","0.7887083769648611","0.7887083769648611"
"209","0.75","0.75","0.75","0.7496904848426749","0.7496904848426749","0.7496904848426749","0.8333333333333333","0.8333333333333333","0.8333333333333333"
"210","0.7498671511017188","0.7498671511017188","0.7498671511017188","0.6666110554999445","0.6666110554999445","0.6666110554999445","0.8333333333333333","0.8333333333333333","0.8333333333333333"
"211","0.7499750406574555","0.7499750406574555","0.7499750406574555","0.6665269303273549","0.6665269303273549","0.6665269303273549","0.8333333333333333","0.8333333333333333","0.8333333333333333"
"212","0.75","0.75","0.75","0.8333333333333333","0.8333333333333333","0.8333333333333333","0.8333333333333333","0.8333333333333333","0.8333333333333333"
"213","0.75","0.75","0.75","0.9166666666666667","0.9166666666666667","0.9166666666666667","0.8331585208396803","0.8331585208396803","0.8331585208396803"
"214","0.8333333333333333","0.8333333333333333","0.8333333333333333","0.75","0.75","0.75","0.75","0.75","0.75"
"215","0.8333333333333333","0.8333333333333333","0.8333333333333333","0.9164130242380397","0.9164130242380397","0.9164130242380397","0.7492382836670786","0.7492382836670786","0.7492382836670786"
"216","0.8333333333333333","0.8333333333333333","0.8333333333333333","0.75","0.75","0.75","0.75","0.75","0.75"
"217","0.8333333333333333","0.8333333333333333","0.8333333333333333","0.7499548213833929","0.7499548213833929","0.7499548213833929","0.7499703228869896","0.7499703228869896","0.7499703228869896"
"218","0.8333333333333333","0.8333333333333333","0.8333333333333333","0.9166666666666667","0.9166666666666667","0.9166666666666667","0.8333333333333333","0.8333333333333333","0.8333333333333333"
"219","0.8333333333333333","0.8333333333333333","0.8333333333333333","0.9175396116837559","0.9175396116837559","0.9175396116837559","0.8331263362127558","0.8331263362127558","0.8331263362127558"
"220","0.8333333333333333","0.8333333333333333","0.8333333333333333","0.8333333333333333","0.8333333333333333","0.8333333333333333","0.8333333333333333","0.8333333333333333","0.8333333333333333"
"221","0.8333333333333333","0.8333333333333333","0.8333333333333333","0.9163810703358726","0.9163810703358726","0.9163810703358726","0.8333333333333333","0.8333333333333333","0.8333333333333333"
"222","0.8321574779908113","0.8321574779908113","0.8321574779908113","0.999816989253609","0.999816989253609","0.999816989253609","0.8333333333333333","0.8333333333333333","0.8333333333333333"
"223","0.8333333333333333","0.8333333333333333","0.8333333333333333","0.999816989253609","0.999816989253609","0.999816989253609","0.8333333333333333","0.8333333333333333","0.8333333333333333"
"224","0.8333333333333333","0.8333333333333333","0.8333333333333333","0.9996886804499974","0.9996886804499974","0.9996886804499974","0.8333333333333333","0.8333333333333333","0.8333333333333333"
"225","0.75","0.75","0.75","0.9777820684043487","0.9777820684043487","0.9777820684043487","0.8332298644798646","0.8332298644798646","0.8332298644798646"
"226","0.8333333333333333","0.8333333333333333","0.8333333333333333","0.9856540319618519","0.9856540319618519","0.9856540319618519","0.8333333333333333","0.8333333333333333","0.8333333333333333"
"227","0.8332520926723825","0.8332520926723825","0.8332520926723825","0.9164677418251066","0.9164677418251066","0.9164677418251066","0.8515769027873311","0.8515769027873311","0.8515769027873311"
"228","0.8332028837347987","0.8332028837347987","0.8332028837347987","0.9161346991194654","0.9161346991194654","0.9161346991194654","0.8333333333333333","0.8333333333333333","0.8333333333333333"
"229","0.8681024619455603","0.8681024619455603","0.8681024619455603","0.8333305659529988","0.8333305659529988","0.8333305659529988","0.9160457280419347","0.9160457280419347","0.9160457280419347"
"230","0.7992862194142913","0.7992862194142913","0.7992862194142913","0.8330886441997553","0.8330886441997553","0.8330886441997553","0.9166666666666667","0.9166666666666667","0.9166666666666667"
"231","0.8852774134389437","0.8852774134389437","0.8852774134389437","0.8330875262433108","0.8330875262433108","0.8330875262433108","0.9164346495858335","0.9164346495858335","0.9164346495858335"
"232","0.8331347854777034","0.8331347854777034","0.8331347854777034","0.8333333333333333","0.8333333333333333","0.8333333333333333","0.8333333333333333","0.8333333333333333","0.8333333333333333"
"233","0.8942471963305296","0.8942471963305296","0.8942471963305296","0.6666666666666666","0.6666666666666666","0.6666666666666666","0.8333333333333333","0.8333333333333333","0.8333333333333333"
"234","0.8942471963305296","0.8942471963305296","0.8942471963305296","0.6666666666666666","0.6666666666666666","0.6666666666666666","0.8328343495010162","0.8328343495010162","0.8328343495010162"
"235","0.8333333333333333","0.8333333333333333","0.8333333333333333","0.6666666666666666","0.6666666666666666","0.6666666666666666","0.8333333333333333","0.8333333333333333","0.8333333333333333"
"236","0.8333333333333333","0.8333333333333333","0.8333333333333333","0.6666666666666666","0.6666666666666666","0.6666666666666666","0.8333333333333333","0.8333333333333333","0.8333333333333333"
"237","0.9166666666666667","0.9166666666666667","0.9166666666666667","0.8330888041433764","0.8330888041433764","0.8330888041433764","0.8333212495985082","0.8333212495985082","0.8333212495985082"
"238","0.9165255345435526","0.9165255345435526","0.9165255345435526","0.9162087948495716","0.9162087948495716","0.9162087948495716","0.8333333333333333","0.8333333333333333","0.8333333333333333"
"239","0.9151549688925371","0.9151549688925371","0.9151549688925371","0.8618458374592426","0.8618458374592426","0.8618458374592426","0.8332002192467309","0.8332002192467309","0.8332002192467309"
"240","0.9161183991008552","0.9161183991008552","0.9161183991008552","0.8620144360885101","0.8620144360885101","0.8620144360885101","0.8332696585474363","0.8332696585474363","0.8332696585474363"
"241","0.8333333333333333","0.8333333333333333","0.8333333333333333","0.9161515664007602","0.9161515664007602","0.9161515664007602","0.7332156437587747","0.7332156437587747","0.7332156437587747"
"242","0.8333333333333333","0.8333333333333333","0.8333333333333333","0.916073567348443","0.916073567348443","0.916073567348443","0.8333333333333333","0.8333333333333333","0.8333333333333333"
"243","0.8333333333333333","0.8333333333333333","0.8333333333333333","0.9165113685113686","0.9165113685113686","0.9165113685113686","0.8329088062421395","0.8329088062421395","0.8329088062421395"
"244","0.833112874779542","0.833112874779542","0.833112874779542","0.8972425796063839","0.8972425796063839","0.8972425796063839","0.8333333333333333","0.8333333333333333","0.8333333333333333"
"245","0.8333333333333333","0.8333333333333333","0.8333333333333333","0.897456690139617","0.897456690139617","0.897456690139617","0.8331469400434917","0.8331469400434917","0.8331469400434917"
"246","0.8331363541759581","0.8331363541759581","0.8331363541759581","0.8835577040455089","0.8835577040455089","0.8835577040455089","0.8333333333333333","0.8333333333333333","0.8333333333333333"
"247","0.8333333333333333","0.8333333333333333","0.8333333333333333","0.8332605091864351","0.8332605091864351","0.8332605091864351","0.8331489146804463","0.8331489146804463","0.8331489146804463"
"248","0.8333333333333333","0.8333333333333333","0.8333333333333333","0.8329888447005565","0.8329888447005565","0.8329888447005565","0.8146820529449638","0.8146820529449638","0.8146820529449638"
"249","0.8333333333333333","0.8333333333333333","0.8333333333333333","0.8333333333333333","0.8333333333333333","0.8333333333333333","0.8333333333333333","0.8333333333333333","0.8333333333333333"
"250","0.8332933628072516","0.8332933628072516","0.8332933628072516","0.8331362646357252","0.8331362646357252","0.8331362646357252","0.8333333333333333","0.8333333333333333","0.8333333333333333"
"251","0.8333333333333333","0.8333333333333333","0.8333333333333333","0.8333333333333333","0.8333333333333333","0.8333333333333333","0.8332475141808475","0.8332475141808475","0.8332475141808475"
"252","0.8333333333333333","0.8333333333333333","0.8333333333333333","0.8332600947543476","0.8332600947543476","0.8332600947543476","0.8333333333333333","0.8333333333333333","0.8333333333333333"
"253","0.8333333333333333","0.8333333333333333","0.8333333333333333","0.8333333333333333","0.8333333333333333","0.8333333333333333","0.8330765983887303","0.8330765983887303","0.8330765983887303"
"254","0.8333333333333333","0.8333333333333333","0.8333333333333333","0.8331701335173557","0.8331701335173557","0.8331701335173557","0.8331977693057345","0.8331977693057345","0.8331977693057345"
"255","0.8333333333333333","0.8333333333333333","0.8333333333333333","0.8331701335173557","0.8331701335173557","0.8331701335173557","0.8331977693057345","0.8331977693057345","0.8331977693057345"
"256","0.8333333333333333","0.8333333333333333","0.8333333333333333","0.8333333333333333","0.8333333333333333","0.8333333333333333","0.8333333333333333","0.8333333333333333","0.8333333333333333"
"257","0.8332660145525642","0.8332660145525642","0.8332660145525642","0.8333333333333333","0.8333333333333333","0.8333333333333333","0.8333168833168834","0.8333168833168834","0.8333168833168834"
"258","0.8333333333333333","0.8333333333333333","0.8333333333333333","0.8333333333333333","0.8333333333333333","0.8333333333333333","0.833160182335865","0.833160182335865","0.833160182335865"
"259","0.8333333333333333","0.8333333333333333","0.8333333333333333","0.8333333333333333","0.8333333333333333","0.8333333333333333","0.8333285988691395","0.8333285988691395","0.8333285988691395"
"260","0.832964702876694","0.832964702876694","0.832964702876694","0.8333333333333333","0.8333333333333333","0.8333333333333333","0.8331629634622153","0.8331629634622153","0.8331629634622153"
"261","0.8333333333333333","0.8333333333333333","0.8333333333333333","0.8333333333333333","0.8333333333333333","0.8333333333333333","0.8331984965843233","0.8331984965843233","0.8331984965843233"
"262","0.8333333333333333","0.8333333333333333","0.8333333333333333","0.8333333333333333","0.8333333333333333","0.8333333333333333","0.75","0.75","0.75"
"263","0.8332262898736887","0.8332262898736887","0.8332262898736887","0.8333333333333333","0.8333333333333333","0.8333333333333333","0.8332639311936303","0.8332639311936303","0.8332639311936303"
"264","0.8333333333333333","0.8333333333333333","0.8333333333333333","0.8330376384916299","0.8330376384916299","0.8330376384916299","0.8333035290399631","0.8333035290399631","0.8333035290399631"
"265","0.8333333333333333","0.8333333333333333","0.8333333333333333","0.8332670508346184","0.8332670508346184","0.8332670508346184","0.8333299175612394","0.8333299175612394","0.8333299175612394"
"266","0.8332104505939631","0.8332104505939631","0.8332104505939631","0.8332048264480697","0.8332048264480697","0.8332048264480697","0.8153218526781745","0.8153218526781745","0.8153218526781745"
"267","0.8332403637447945","0.8332403637447945","0.8332403637447945","0.8333333333333333","0.8333333333333333","0.8333333333333333","0.7493388911299359","0.7493388911299359","0.7493388911299359"
"268","0.8333333333333333","0.8333333333333333","0.8333333333333333","0.8333333333333333","0.8333333333333333","0.8333333333333333","0.75","0.75","0.75"
"269","0.8333333333333333","0.8333333333333333","0.8333333333333333","0.8333333333333333","0.8333333333333333","0.8333333333333333","0.75","0.75","0.75"
"270","0.8333333333333333","0.8333333333333333","0.8333333333333333","0.8333333333333333","0.8333333333333333","0.8333333333333333","0.7497310964100632","0.7497310964100632","0.7497310964100632"
"271","0.8333333333333333","0.8333333333333333","0.8333333333333333","0.8333333333333333","0.8333333333333333","0.8333333333333333","0.7498525584407938","0.7498525584407938","0.7498525584407938"
"272","0.8332615132246517","0.8332615132246517","0.8332615132246517","0.833113205798391","0.833113205798391","0.833113205798391","0.7498521943532127","0.7498521943532127","0.7498521943532127"
"273","0.8333333333333333","0.8333333333333333","0.8333333333333333","0.8331036350360022","0.8331036350360022","0.8331036350360022","0.7499466392462502","0.7499466392462502","0.7499466392462502"
"274","0.8333333333333333","0.8333333333333333","0.8333333333333333","0.8333333333333333","0.8333333333333333","0.8333333333333333","0.7497175820584445","0.7497175820584445","0.7497175820584445"
"275","0.8333333333333333","0.8333333333333333","0.8333333333333333","0.8333333333333333","0.8333333333333333","0.8333333333333333","0.6934790294882038","0.6934790294882038","0.6934790294882038"
"276","0.8331150620180156","0.8331150620180156","0.8331150620180156","0.8331989565322899","0.8331989565322899","0.8331989565322899","0.7499510621732844","0.7499510621732844","0.7499510621732844"
"277","0.8331150620180156","0.8331150620180156","0.8331150620180156","0.8333333333333333","0.8333333333333333","0.8333333333333333","0.7495906797886995","0.7495906797886995","0.7495906797886995"
"278","0.8333333333333333","0.8333333333333333","0.8333333333333333","0.8330466830466831","0.8330466830466831","0.8330466830466831","0.7490450450450449","0.7490450450450449","0.7490450450450449"
"279","0.8333054084127045","0.8333054084127045","0.8333054084127045","0.83296956750565","0.83296956750565","0.83296956750565","0.75","0.75","0.75"
"280","0.8333333333333333","0.8333333333333333","0.8333333333333333","0.8333333333333333","0.8333333333333333","0.8333333333333333","0.797150152222616","0.797150152222616","0.797150152222616"
"281","0.8333333333333333","0.8333333333333333","0.8333333333333333","0.8333333333333333","0.8333333333333333","0.8333333333333333","0.8038136342593261","0.8038136342593261","0.8038136342593261"
"282","0.8333333333333333","0.8333333333333333","0.8333333333333333","0.8331032320565331","0.8331032320565331","0.8331032320565331","0.8051659505913369","0.8051659505913369","0.8051659505913369"
"283","0.8333333333333333","0.8333333333333333","0.8333333333333333","0.833007772662945","0.833007772662945","0.833007772662945","0.7933708218021943","0.7933708218021943","0.7933708218021943"
"284","0.8333333333333333","0.8333333333333333","0.8333333333333333","0.8331079234835104","0.8331079234835104","0.8331079234835104","0.8015367412669414","0.8015367412669414","0.8015367412669414"
"285","0.8333333333333333","0.8333333333333333","0.8333333333333333","0.8333333333333333","0.8333333333333333","0.8333333333333333","0.7999125985938054","0.7999125985938054","0.7999125985938054"
"286","0.8333333333333333","0.8333333333333333","0.8333333333333333","0.8329988975150265","0.8329988975150265","0.8329988975150265","0.8019846276915972","0.8019846276915972","0.8019846276915972"
"287","0.8333333333333333","0.8333333333333333","0.8333333333333333","0.8329988975150265","0.8329988975150265","0.8329988975150265","0.8019846276915972","0.8019846276915972","0.8019846276915972"
"288","0.8333333333333333","0.8333333333333333","0.8333333333333333","0.8333333333333333","0.8333333333333333","0.8333333333333333","0.7965474435008485","0.7965474435008485","0.7965474435008485"
"289","0.8333333333333333","0.8333333333333333","0.8333333333333333","0.8330201027941141","0.8330201027941141","0.8330201027941141","0.7990030670532184","0.7990030670532184","0.7990030670532184"
"290","0.8333333333333333","0.8333333333333333","0.8333333333333333","0.8333333333333333","0.8333333333333333","0.8333333333333333","0.7997355384034879","0.7997355384034879","0.7997355384034879"
"291","0.8333333333333333","0.8333333333333333","0.8333333333333333","0.8331184795081926","0.8331184795081926","0.8331184795081926","0.7966710619001067","0.7966710619001067","0.7966710619001067"
"292","0.8333106439773106","0.8333106439773106","0.8333106439773106","0.7498995851197109","0.7498995851197109","0.7498995851197109","0.7846594273010243","0.7846594273010243","0.7846594273010243"
"293","0.8333333333333333","0.8333333333333333","0.8333333333333333","0.8330135452776962","0.8330135452776962","0.8330135452776962","0.7763691835548123","0.7763691835548123","0.7763691835548123"
"294","0.8333333333333333","0.8333333333333333","0.8333333333333333","0.832979579356391","0.832979579356391","0.832979579356391","0.7815714238223463","0.7815714238223463","0.7815714238223463"
"295","0.8333333333333333","0.8333333333333333","0.8333333333333333","0.7499954810838169","0.7499954810838169","0.7499954810838169","0.7765939561405816","0.7765939561405816","0.7765939561405816"
"296","0.8223602731860991","0.8223602731860991","0.8223602731860991","0.75","0.75","0.75","0.7890780652034671","0.7890780652034671","0.7890780652034671"
"297","0.8333333333333333","0.8333333333333333","0.8333333333333333","0.8333028836607569","0.8333028836607569","0.8333028836607569","0.7808472780957058","0.7808472780957058","0.7808472780957058"
"298","0.8333333333333333","0.8333333333333333","0.8333333333333333","0.8332327144383882","0.8332327144383882","0.8332327144383882","0.8123516046534339","0.8123516046534339","0.8123516046534339"
"299","0.8333333333333333","0.8333333333333333","0.8333333333333333","0.8331275363110568","0.8331275363110568","0.8331275363110568","0.7766420108505505","0.7766420108505505","0.7766420108505505"