"Step","yolo_tomo_v1 - metrics/mAP_0.5:0.95","yolo_tomo_v1 - metrics/mAP_0.5:0.95__MIN","yolo_tomo_v1 - metrics/mAP_0.5:0.95__MAX","yDICOM4 - metrics/mAP_0.5:0.95","yDICOM4 - metrics/mAP_0.5:0.95__MIN","yDICOM4 - metrics/mAP_0.5:0.95__MAX","yDICOM3 - metrics/mAP_0.5:0.95","yDICOM3 - metrics/mAP_0.5:0.95__MIN","yDICOM3 - metrics/mAP_0.5:0.95__MAX"
"0","0.000009649516681785349","0.000009649516681785349","0.000009649516681785349","0","0","0","0.00002266939398443363","0.00002266939398443363","0.00002266939398443363"
"1","0","0","0","0","0","0","0.000009947022287175741","0.000009947022287175741","0.000009947022287175741"
"2","0.000011144669073782814","0.000011144669073782814","0.000011144669073782814","0.000035502716987855216","0.000035502716987855216","0.000035502716987855216","0","0","0"
"3","0","0","0","0","0","0","0","0","0"
"4","0","0","0","0","0","0","0","0","0"
"5","0","0","0","0","0","0","0","0","0"
"6","0.000009551676731816012","0.000009551676731816012","0.000009551676731816012","0","0","0","0.000020721330744071955","0.000020721330744071955","0.000020721330744071955"
"7","0.000009551676731816012","0.000009551676731816012","0.000009551676731816012","0","0","0","0","0","0"
"8","0.000009551676731816012","0.000009551676731816012","0.000009551676731816012","0","0","0","0","0","0"
"9","0.000009551676731816012","0.000009551676731816012","0.000009551676731816012","0","0","0","0.00005519021865821251","0.00005519021865821251","0.00005519021865821251"
"10","0.000009551676731816012","0.000009551676731816012","0.000009551676731816012","0","0","0","0.00006541288191577209","0.00006541288191577209","0.00006541288191577209"
"11","0.000009551676731816012","0.000009551676731816012","0.000009551676731816012","0","0","0","0.000033575466460285684","0.000033575466460285684","0.000033575466460285684"
"12","0.000009551676731816012","0.000009551676731816012","0.000009551676731816012","0","0","0","0","0","0"
"13","0.000009551676731816012","0.000009551676731816012","0.000009551676731816012","0","0","0","0","0","0"
"14","0.000009551676731816012","0.000009551676731816012","0.000009551676731816012","0","0","0","0.000025543459677557235","0.000025543459677557235","0.000025543459677557235"
"15","0.000009551676731816012","0.000009551676731816012","0.000009551676731816012","0.0000150995889323901","0.0000150995889323901","0.0000150995889323901","0.0000448438225222891","0.0000448438225222891","0.0000448438225222891"
"16","0","0","0","0","0","0","0.000029292917116215714","0.000029292917116215714","0.000029292917116215714"
"17","0","0","0","0","0","0","0.00011222406881899857","0.00011222406881899857","0.00011222406881899857"
"18","0","0","0","0.00003138754300555527","0.00003138754300555527","0.00003138754300555527","0.00007119705578512397","0.00007119705578512397","0.00007119705578512397"
"19","0","0","0","0","0","0","0.00008029346374681041","0.00008029346374681041","0.00008029346374681041"
"20","0","0","0","0.00012189468946894691","0.00012189468946894691","0.00012189468946894691","0.0001127329717200625","0.0001127329717200625","0.0001127329717200625"
"21","0","0","0","0.00010616727608475547","0.00010616727608475547","0.00010616727608475547","0.00010939916276992273","0.00010939916276992273","0.00010939916276992273"
"22","0","0","0","0.00007532781228433403","0.00007532781228433403","0.00007532781228433403","0.000037953935669048135","0.000037953935669048135","0.000037953935669048135"
"23","0","0","0","0","0","0","0.000050392799954905785","0.000050392799954905785","0.000050392799954905785"
"24","0","0","0","0.00002663750779301746","0.00002663750779301746","0.00002663750779301746","0.00004156481980494081","0.00004156481980494081","0.00004156481980494081"
"25","0","0","0","0","0","0","0.00003745126705653022","0.00003745126705653022","0.00003745126705653022"
"26","0","0","0","0.00002123422583483251","0.00002123422583483251","0.00002123422583483251","0.000046146367214041","0.000046146367214041","0.000046146367214041"
"27","0","0","0","0.000018216561928956637","0.000018216561928956637","0.000018216561928956637","0.00004471198426345215","0.00004471198426345215","0.00004471198426345215"
"28","0","0","0","0.000024632062275740443","0.000024632062275740443","0.000024632062275740443","0.000024267884007673388","0.000024267884007673388","0.000024267884007673388"
"29","0","0","0","0","0","0","0","0","0"
"30","0","0","0","0.00008512736286816783","0.00008512736286816783","0.00008512736286816783","0","0","0"
"31","0","0","0","0.00008517897799139894","0.00008517897799139894","0.00008517897799139894","0","0","0"
"32","0","0","0","0.00006952731751232706","0.00006952731751232706","0.00006952731751232706","0.00021837315130830492","0.00021837315130830492","0.00021837315130830492"
"33","0","0","0","0.00017950268817204295","0.00017950268817204295","0.00017950268817204295","0.00012009683969911827","0.00012009683969911827","0.00012009683969911827"
"34","0","0","0","0.00022194060267951052","0.00022194060267951052","0.00022194060267951052","0","0","0"
"35","0","0","0","0.00046107866278349613","0.00046107866278349613","0.00046107866278349613","0","0","0"
"36","0.0003251544269045985","0.0003251544269045985","0.0003251544269045985","0.0001563811020772789","0.0001563811020772789","0.0001563811020772789","0.000022496947496947498","0.000022496947496947498","0.000022496947496947498"
"37","0.0024351135190918477","0.0024351135190918477","0.0024351135190918477","0","0","0","0.00011545542635658915","0.00011545542635658915","0.00011545542635658915"
"38","0.011515044898187207","0.011515044898187207","0.011515044898187207","0","0","0","0.00006204862210959774","0.00006204862210959774","0.00006204862210959774"
"39","0.014908560718942077","0.014908560718942077","0.014908560718942077","0","0","0","0.00006870534614437055","0.00006870534614437055","0.00006870534614437055"
"40","0.020840963079842904","0.020840963079842904","0.020840963079842904","0","0","0","0.00042987451581011653","0.00042987451581011653","0.00042987451581011653"
"41","0.07772013910332849","0.07772013910332849","0.07772013910332849","0.00024042267909590094","0.00024042267909590094","0.00024042267909590094","0.00006861810440577565","0.00006861810440577565","0.00006861810440577565"
"42","0.07772013910332849","0.07772013910332849","0.07772013910332849","0.0001561823593073593","0.0001561823593073593","0.0001561823593073593","0","0","0"
"43","0.10779679130267143","0.10779679130267143","0.10779679130267143","0.00029136167146974067","0.00029136167146974067","0.00029136167146974067","0","0","0"
"44","0.06863863670630317","0.06863863670630317","0.06863863670630317","0","0","0","0","0","0"
"45","0.07150732091680168","0.07150732091680168","0.07150732091680168","0.00011912004453457396","0.00011912004453457396","0.00011912004453457396","0","0","0"
"46","0.06282908635751094","0.06282908635751094","0.06282908635751094","0","0","0","0.00004036271699315178","0.00004036271699315178","0.00004036271699315178"
"47","0.09476425494637972","0.09476425494637972","0.09476425494637972","0","0","0","0.000981734663186276","0.000981734663186276","0.000981734663186276"
"48","0.24323921336673826","0.24323921336673826","0.24323921336673826","0","0","0","0.0039040983606557383","0.0039040983606557383","0.0039040983606557383"
"49","0.2484317806221222","0.2484317806221222","0.2484317806221222","0","0","0","0.000337304163475992","0.000337304163475992","0.000337304163475992"
"50","0.2262558055040198","0.2262558055040198","0.2262558055040198","0","0","0","0","0","0"
"51","0.20090104884397486","0.20090104884397486","0.20090104884397486","0","0","0","0.003094444922104908","0.003094444922104908","0.003094444922104908"
"52","0.1690116030475866","0.1690116030475866","0.1690116030475866","0","0","0","0.0035608954452952604","0.0035608954452952604","0.0035608954452952604"
"53","0.14005408231826258","0.14005408231826258","0.14005408231826258","0.0030695711802436972","0.0030695711802436972","0.0030695711802436972","0.008880711740874476","0.008880711740874476","0.008880711740874476"
"54","0.13274305703072972","0.13274305703072972","0.13274305703072972","0.0018155379245876715","0.0018155379245876715","0.0018155379245876715","0.01120803900575831","0.01120803900575831","0.01120803900575831"
"55","0.12368256676537187","0.12368256676537187","0.12368256676537187","0.002630297246809801","0.002630297246809801","0.002630297246809801","0.01108781765849218","0.01108781765849218","0.01108781765849218"
"56","0.2736908004795518","0.2736908004795518","0.2736908004795518","0.0007538363923625119","0.0007538363923625119","0.0007538363923625119","0.026994029531168258","0.026994029531168258","0.026994029531168258"
"57","0.2610424097049436","0.2610424097049436","0.2610424097049436","0.0028466335970371995","0.0028466335970371995","0.0028466335970371995","0.047491367660505907","0.047491367660505907","0.047491367660505907"
"58","0.22533764564442169","0.22533764564442169","0.22533764564442169","0.004624973081901874","0.004624973081901874","0.004624973081901874","0.0710179051012019","0.0710179051012019","0.0710179051012019"
"59","0.2224237771194659","0.2224237771194659","0.2224237771194659","0.004013664822147629","0.004013664822147629","0.004013664822147629","0.0691680265654649","0.0691680265654649","0.0691680265654649"
"60","0.19572299853298497","0.19572299853298497","0.19572299853298497","0.01894198594513959","0.01894198594513959","0.01894198594513959","0.06817854948856694","0.06817854948856694","0.06817854948856694"
"61","0.23195424876807372","0.23195424876807372","0.23195424876807372","0.035437863344065464","0.035437863344065464","0.035437863344065464","0.10031645827969016","0.10031645827969016","0.10031645827969016"
"62","0.3177898726974264","0.3177898726974264","0.3177898726974264","0.09138490829357461","0.09138490829357461","0.09138490829357461","0.09175166388591548","0.09175166388591548","0.09175166388591548"
"63","0.3177898726974264","0.3177898726974264","0.3177898726974264","0.09138490829357461","0.09138490829357461","0.09138490829357461","0.09175166388591548","0.09175166388591548","0.09175166388591548"
"64","0.23026232640027477","0.23026232640027477","0.23026232640027477","0.04814975145768956","0.04814975145768956","0.04814975145768956","0.10132991594255074","0.10132991594255074","0.10132991594255074"
"65","0.15068192252902432","0.15068192252902432","0.15068192252902432","0.03116888173603384","0.03116888173603384","0.03116888173603384","0.08627955054654082","0.08627955054654082","0.08627955054654082"
"66","0.11197447552257761","0.11197447552257761","0.11197447552257761","0.032737095204288795","0.032737095204288795","0.032737095204288795","0.0878030267337688","0.0878030267337688","0.0878030267337688"
"67","0.1296397004006685","0.1296397004006685","0.1296397004006685","0.03369980029048657","0.03369980029048657","0.03369980029048657","0.09445028834437749","0.09445028834437749","0.09445028834437749"
"68","0.0914582895799677","0.0914582895799677","0.0914582895799677","0.04765086271350989","0.04765086271350989","0.04765086271350989","0.09748300989087741","0.09748300989087741","0.09748300989087741"
"69","0.140688672088573","0.140688672088573","0.140688672088573","0.02294728528069407","0.02294728528069407","0.02294728528069407","0.07718720758912882","0.07718720758912882","0.07718720758912882"
"70","0.16250264382670684","0.16250264382670684","0.16250264382670684","0.08796256344032954","0.08796256344032954","0.08796256344032954","0.07712665713398953","0.07712665713398953","0.07712665713398953"
"71","0.18117163677478051","0.18117163677478051","0.18117163677478051","0.06182052605116595","0.06182052605116595","0.06182052605116595","0.19559466390237057","0.19559466390237057","0.19559466390237057"
"72","0.18074156450562584","0.18074156450562584","0.18074156450562584","0.08134012471692181","0.08134012471692181","0.08134012471692181","0.18781238161092953","0.18781238161092953","0.18781238161092953"
"73","0.24419475806467214","0.24419475806467214","0.24419475806467214","0.06345480127404256","0.06345480127404256","0.06345480127404256","0.1395257063116672","0.1395257063116672","0.1395257063116672"
"74","0.28700368165609347","0.28700368165609347","0.28700368165609347","0.12516046520071106","0.12516046520071106","0.12516046520071106","0.1364279644650444","0.1364279644650444","0.1364279644650444"
"75","0.24356831352485978","0.24356831352485978","0.24356831352485978","0.10626211268981751","0.10626211268981751","0.10626211268981751","0.14005546488472106","0.14005546488472106","0.14005546488472106"
"76","0.30199825637676525","0.30199825637676525","0.30199825637676525","0.10378758831573175","0.10378758831573175","0.10378758831573175","0.16964327898253984","0.16964327898253984","0.16964327898253984"
"77","0.2044554866001611","0.2044554866001611","0.2044554866001611","0.10772471782794174","0.10772471782794174","0.10772471782794174","0.18824742008638826","0.18824742008638826","0.18824742008638826"
"78","0.24357741162242352","0.24357741162242352","0.24357741162242352","0.1348058655909729","0.1348058655909729","0.1348058655909729","0.21122094960699586","0.21122094960699586","0.21122094960699586"
"79","0.24113946000947917","0.24113946000947917","0.24113946000947917","0.17036988048132878","0.17036988048132878","0.17036988048132878","0.16084062019111176","0.16084062019111176","0.16084062019111176"
"80","0.09933458711268642","0.09933458711268642","0.09933458711268642","0.13112420054038007","0.13112420054038007","0.13112420054038007","0.18767382780950992","0.18767382780950992","0.18767382780950992"
"81","0.16120186509223816","0.16120186509223816","0.16120186509223816","0.14715466225220156","0.14715466225220156","0.14715466225220156","0.17621426356899964","0.17621426356899964","0.17621426356899964"
"82","0.17080516246483987","0.17080516246483987","0.17080516246483987","0.13595426484604278","0.13595426484604278","0.13595426484604278","0.16968123488997328","0.16968123488997328","0.16968123488997328"
"83","0.21804847485969936","0.21804847485969936","0.21804847485969936","0.13092136207475863","0.13092136207475863","0.13092136207475863","0.15858498093187293","0.15858498093187293","0.15858498093187293"
"84","0.1563169151427806","0.1563169151427806","0.1563169151427806","0.21050772804305717","0.21050772804305717","0.21050772804305717","0.16999244846165598","0.16999244846165598","0.16999244846165598"
"85","0.1563169151427806","0.1563169151427806","0.1563169151427806","0.1994151303902546","0.1994151303902546","0.1994151303902546","0.17967884251772562","0.17967884251772562","0.17967884251772562"
"86","0.10794208039177444","0.10794208039177444","0.10794208039177444","0.240902060236509","0.240902060236509","0.240902060236509","0.13484095954291053","0.13484095954291053","0.13484095954291053"
"87","0.10565080824530718","0.10565080824530718","0.10565080824530718","0.2814646087067063","0.2814646087067063","0.2814646087067063","0.21559667939098667","0.21559667939098667","0.21559667939098667"
"88","0.10273586987019741","0.10273586987019741","0.10273586987019741","0.26554088928403086","0.26554088928403086","0.26554088928403086","0.19646431646586196","0.19646431646586196","0.19646431646586196"
"89","0.11229686738848424","0.11229686738848424","0.11229686738848424","0.22991901089996952","0.22991901089996952","0.22991901089996952","0.2148651319164862","0.2148651319164862","0.2148651319164862"
"90","0.13898528976967808","0.13898528976967808","0.13898528976967808","0.29833428994634226","0.29833428994634226","0.29833428994634226","0.2348335558987083","0.2348335558987083","0.2348335558987083"
"91","0.18079716245686223","0.18079716245686223","0.18079716245686223","0.27038317715899646","0.27038317715899646","0.27038317715899646","0.23206533807520457","0.23206533807520457","0.23206533807520457"
"92","0.13487314884224552","0.13487314884224552","0.13487314884224552","0.28634895801744914","0.28634895801744914","0.28634895801744914","0.2306999965345795","0.2306999965345795","0.2306999965345795"
"93","0.1722710626850814","0.1722710626850814","0.1722710626850814","0.2619730184266666","0.2619730184266666","0.2619730184266666","0.2547392430172353","0.2547392430172353","0.2547392430172353"
"94","0.22093735773155412","0.22093735773155412","0.22093735773155412","0.2910625283040056","0.2910625283040056","0.2910625283040056","0.29876914294818113","0.29876914294818113","0.29876914294818113"
"95","0.2215652294209141","0.2215652294209141","0.2215652294209141","0.2910625283040056","0.2910625283040056","0.2910625283040056","0.29876914294818113","0.29876914294818113","0.29876914294818113"
"96","0.2414815284974093","0.2414815284974093","0.2414815284974093","0.21329735216790693","0.21329735216790693","0.21329735216790693","0.2911449713819482","0.2911449713819482","0.2911449713819482"
"97","0.23127875308498522","0.23127875308498522","0.23127875308498522","0.2195206285453501","0.2195206285453501","0.2195206285453501","0.24246457478698716","0.24246457478698716","0.24246457478698716"
"98","0.2401508894613861","0.2401508894613861","0.2401508894613861","0.20790044774890445","0.20790044774890445","0.20790044774890445","0.2465497057860015","0.2465497057860015","0.2465497057860015"
"99","0.2754957281947796","0.2754957281947796","0.2754957281947796","0.24124378238915806","0.24124378238915806","0.24124378238915806","0.23562303781776553","0.23562303781776553","0.23562303781776553"
"100","0.2671770067586959","0.2671770067586959","0.2671770067586959","0.2213305558213954","0.2213305558213954","0.2213305558213954","0.24574363183769876","0.24574363183769876","0.24574363183769876"
"101","0.28995617118749256","0.28995617118749256","0.28995617118749256","0.1600323313734815","0.1600323313734815","0.1600323313734815","0.2562076640632675","0.2562076640632675","0.2562076640632675"
"102","0.28669195155961696","0.28669195155961696","0.28669195155961696","0.21024883424048238","0.21024883424048238","0.21024883424048238","0.2666634956159011","0.2666634956159011","0.2666634956159011"
"103","0.2608145416196716","0.2608145416196716","0.2608145416196716","0.21668038562156694","0.21668038562156694","0.21668038562156694","0.25779336766977745","0.25779336766977745","0.25779336766977745"
"104","0.3281975204367461","0.3281975204367461","0.3281975204367461","0.24607284966238688","0.24607284966238688","0.24607284966238688","0.25987325321926685","0.25987325321926685","0.25987325321926685"
"105","0.3034601592422051","0.3034601592422051","0.3034601592422051","0.24217401546087686","0.24217401546087686","0.24217401546087686","0.25166008881554613","0.25166008881554613","0.25166008881554613"
"106","0.3034601592422051","0.3034601592422051","0.3034601592422051","0.23358488966938265","0.23358488966938265","0.23358488966938265","0.24339732345852927","0.24339732345852927","0.24339732345852927"
"107","0.3441640155921126","0.3441640155921126","0.3441640155921126","0.21684703878434203","0.21684703878434203","0.21684703878434203","0.24326947057903256","0.24326947057903256","0.24326947057903256"
"108","0.32606163390365245","0.32606163390365245","0.32606163390365245","0.20441292282609272","0.20441292282609272","0.20441292282609272","0.25843754988348455","0.25843754988348455","0.25843754988348455"
"109","0.35094666216452614","0.35094666216452614","0.35094666216452614","0.23216544655339066","0.23216544655339066","0.23216544655339066","0.25333061441033794","0.25333061441033794","0.25333061441033794"
"110","0.36659849121381355","0.36659849121381355","0.36659849121381355","0.3000912565274334","0.3000912565274334","0.3000912565274334","0.2679982253965702","0.2679982253965702","0.2679982253965702"
"111","0.3264462927784851","0.3264462927784851","0.3264462927784851","0.2056922725032609","0.2056922725032609","0.2056922725032609","0.2777405541932598","0.2777405541932598","0.2777405541932598"
"112","0.325737804483508","0.325737804483508","0.325737804483508","0.20371159034548902","0.20371159034548902","0.20371159034548902","0.2930968711021808","0.2930968711021808","0.2930968711021808"
"113","0.3203578026734565","0.3203578026734565","0.3203578026734565","0.2185987093926937","0.2185987093926937","0.2185987093926937","0.3152511047018499","0.3152511047018499","0.3152511047018499"
"114","0.3711887120634261","0.3711887120634261","0.3711887120634261","0.34235938791512194","0.34235938791512194","0.34235938791512194","0.2758378435743867","0.2758378435743867","0.2758378435743867"
"115","0.37921937048079224","0.37921937048079224","0.37921937048079224","0.2656069734545214","0.2656069734545214","0.2656069734545214","0.27996481685108926","0.27996481685108926","0.27996481685108926"
"116","0.3685830288128249","0.3685830288128249","0.3685830288128249","0.3209946270897558","0.3209946270897558","0.3209946270897558","0.299859792465356","0.299859792465356","0.299859792465356"
"117","0.3671321795157457","0.3671321795157457","0.3671321795157457","0.3081135677453859","0.3081135677453859","0.3081135677453859","0.29659798285167743","0.29659798285167743","0.29659798285167743"
"118","0.3668688034188034","0.3668688034188034","0.3668688034188034","0.30220837310487925","0.30220837310487925","0.30220837310487925","0.3193062584023487","0.3193062584023487","0.3193062584023487"
"119","0.3673246843574234","0.3673246843574234","0.3673246843574234","0.3064906078048238","0.3064906078048238","0.3064906078048238","0.33835151300434846","0.33835151300434846","0.33835151300434846"
"120","0.327071549628","0.327071549628","0.327071549628","0.31458604501402326","0.31458604501402326","0.31458604501402326","0.36304901244864596","0.36304901244864596","0.36304901244864596"
"121","0.3529832619777694","0.3529832619777694","0.3529832619777694","0.2679238862692024","0.2679238862692024","0.2679238862692024","0.3639460714371772","0.3639460714371772","0.3639460714371772"
"122","0.31750253940423373","0.31750253940423373","0.31750253940423373","0.34169324443943894","0.34169324443943894","0.34169324443943894","0.27604178214250136","0.27604178214250136","0.27604178214250136"
"123","0.3271492941854583","0.3271492941854583","0.3271492941854583","0.34117177485951306","0.34117177485951306","0.34117177485951306","0.3228359713740103","0.3228359713740103","0.3228359713740103"
"124","0.2628880466518683","0.2628880466518683","0.2628880466518683","0.31325956610885863","0.31325956610885863","0.31325956610885863","0.3098896212263482","0.3098896212263482","0.3098896212263482"
"125","0.26410206979464346","0.26410206979464346","0.26410206979464346","0.26971944640612544","0.26971944640612544","0.26971944640612544","0.3609100884465261","0.3609100884465261","0.3609100884465261"
"126","0.3048694978106185","0.3048694978106185","0.3048694978106185","0.34896342719788814","0.34896342719788814","0.34896342719788814","0.33936037968221605","0.33936037968221605","0.33936037968221605"
"127","0.3048694978106185","0.3048694978106185","0.3048694978106185","0.34896342719788814","0.34896342719788814","0.34896342719788814","0.33936037968221605","0.33936037968221605","0.33936037968221605"
"128","0.3228563989012746","0.3228563989012746","0.3228563989012746","0.3481971887771927","0.3481971887771927","0.3481971887771927","0.32844405800988524","0.32844405800988524","0.32844405800988524"
"129","0.289622612874276","0.289622612874276","0.289622612874276","0.32504962184241903","0.32504962184241903","0.32504962184241903","0.28923405177280354","0.28923405177280354","0.28923405177280354"
"130","0.3085426714393766","0.3085426714393766","0.3085426714393766","0.4028269296826208","0.4028269296826208","0.4028269296826208","0.25470475264662457","0.25470475264662457","0.25470475264662457"
"131","0.28473023469491954","0.28473023469491954","0.28473023469491954","0.38552130664198997","0.38552130664198997","0.38552130664198997","0.2505706085825098","0.2505706085825098","0.2505706085825098"
"132","0.31205023209037663","0.31205023209037663","0.31205023209037663","0.3476068992461213","0.3476068992461213","0.3476068992461213","0.2594444470508202","0.2594444470508202","0.2594444470508202"
"133","0.32709468567045086","0.32709468567045086","0.32709468567045086","0.34915206500621065","0.34915206500621065","0.34915206500621065","0.2760897266114278","0.2760897266114278","0.2760897266114278"
"134","0.2879404135831082","0.2879404135831082","0.2879404135831082","0.3680825103584597","0.3680825103584597","0.3680825103584597","0.2613287443400004","0.2613287443400004","0.2613287443400004"
"135","0.2583206385015956","0.2583206385015956","0.2583206385015956","0.3645036829072803","0.3645036829072803","0.3645036829072803","0.2838266539710307","0.2838266539710307","0.2838266539710307"
"136","0.26752009315591885","0.26752009315591885","0.26752009315591885","0.4050045933734939","0.4050045933734939","0.4050045933734939","0.29032031452247137","0.29032031452247137","0.29032031452247137"
"137","0.3344733457935576","0.3344733457935576","0.3344733457935576","0.4089488388249305","0.4089488388249305","0.4089488388249305","0.30222435132261616","0.30222435132261616","0.30222435132261616"
"138","0.31983226387791586","0.31983226387791586","0.31983226387791586","0.393333150640654","0.393333150640654","0.393333150640654","0.31796583647660476","0.31796583647660476","0.31796583647660476"
"139","0.34467430127055343","0.34467430127055343","0.34467430127055343","0.36410473871075866","0.36410473871075866","0.36410473871075866","0.2922156580664256","0.2922156580664256","0.2922156580664256"
"140","0.39701204718814287","0.39701204718814287","0.39701204718814287","0.3427758132833981","0.3427758132833981","0.3427758132833981","0.25921252332184286","0.25921252332184286","0.25921252332184286"
"141","0.3679950311025312","0.3679950311025312","0.3679950311025312","0.35082435806937246","0.35082435806937246","0.35082435806937246","0.26314621360843893","0.26314621360843893","0.26314621360843893"
"142","0.3999414789805681","0.3999414789805681","0.3999414789805681","0.3557341999146174","0.3557341999146174","0.3557341999146174","0.264810613010566","0.264810613010566","0.264810613010566"
"143","0.42960304625199364","0.42960304625199364","0.42960304625199364","0.3548161410018553","0.3548161410018553","0.3548161410018553","0.21528725852147615","0.21528725852147615","0.21528725852147615"
"144","0.42156164513404304","0.42156164513404304","0.42156164513404304","0.3704951071467164","0.3704951071467164","0.3704951071467164","0.2191382281277169","0.2191382281277169","0.2191382281277169"
"145","0.36189994618314286","0.36189994618314286","0.36189994618314286","0.3436594843388253","0.3436594843388253","0.3436594843388253","0.267484137546372","0.267484137546372","0.267484137546372"
"146","0.405773476424495","0.405773476424495","0.405773476424495","0.3357067889713189","0.3357067889713189","0.3357067889713189","0.2967105196331489","0.2967105196331489","0.2967105196331489"
"147","0.36097339653980276","0.36097339653980276","0.36097339653980276","0.32593560220894296","0.32593560220894296","0.32593560220894296","0.31175942333462425","0.31175942333462425","0.31175942333462425"
"148","0.3571055528052468","0.3571055528052468","0.3571055528052468","0.33642245421466516","0.33642245421466516","0.33642245421466516","0.3090242934763757","0.3090242934763757","0.3090242934763757"
"149","0.3571055528052468","0.3571055528052468","0.3571055528052468","0.37232562831337135","0.37232562831337135","0.37232562831337135","0.3322196694571468","0.3322196694571468","0.3322196694571468"
"150","0.21748033711205894","0.21748033711205894","0.21748033711205894","0.3892320291430965","0.3892320291430965","0.3892320291430965","0.30930079785891024","0.30930079785891024","0.30930079785891024"
"151","0.1056479185568241","0.1056479185568241","0.1056479185568241","0.47657731938587766","0.47657731938587766","0.47657731938587766","0.337304187096097","0.337304187096097","0.337304187096097"
"152","0.1105325803109726","0.1105325803109726","0.1105325803109726","0.4566762887604395","0.4566762887604395","0.4566762887604395","0.2992457744102882","0.2992457744102882","0.2992457744102882"
"153","0.16664809655783575","0.16664809655783575","0.16664809655783575","0.49699581902741125","0.49699581902741125","0.49699581902741125","0.29757768219301267","0.29757768219301267","0.29757768219301267"
"154","0.20668239204017053","0.20668239204017053","0.20668239204017053","0.45693360393646054","0.45693360393646054","0.45693360393646054","0.3161057482513686","0.3161057482513686","0.3161057482513686"
"155","0.26826446903833256","0.26826446903833256","0.26826446903833256","0.3882470021617552","0.3882470021617552","0.3882470021617552","0.32288728111657","0.32288728111657","0.32288728111657"
"156","0.3994927909631517","0.3994927909631517","0.3994927909631517","0.4210496137820457","0.4210496137820457","0.4210496137820457","0.35377442188990593","0.35377442188990593","0.35377442188990593"
"157","0.46746707035043544","0.46746707035043544","0.46746707035043544","0.3843313833225598","0.3843313833225598","0.3843313833225598","0.24864394453256572","0.24864394453256572","0.24864394453256572"
"158","0.4186412647792639","0.4186412647792639","0.4186412647792639","0.35947390458573686","0.35947390458573686","0.35947390458573686","0.3246719159965758","0.3246719159965758","0.3246719159965758"
"159","0.4316160017947463","0.4316160017947463","0.4316160017947463","0.35947390458573686","0.35947390458573686","0.35947390458573686","0.3246719159965758","0.3246719159965758","0.3246719159965758"
"160","0.45966620249017043","0.45966620249017043","0.45966620249017043","0.3028421178984303","0.3028421178984303","0.3028421178984303","0.26024824198558405","0.26024824198558405","0.26024824198558405"
"161","0.46343057040998226","0.46343057040998226","0.46343057040998226","0.30199306924519786","0.30199306924519786","0.30199306924519786","0.21143950375159765","0.21143950375159765","0.21143950375159765"
"162","0.39994357716324713","0.39994357716324713","0.39994357716324713","0.29495947702752306","0.29495947702752306","0.29495947702752306","0.20193575957821094","0.20193575957821094","0.20193575957821094"
"163","0.385563407224959","0.385563407224959","0.385563407224959","0.3276611293061569","0.3276611293061569","0.3276611293061569","0.18753595989127836","0.18753595989127836","0.18753595989127836"
"164","0.40294905086222715","0.40294905086222715","0.40294905086222715","0.3015852376160542","0.3015852376160542","0.3015852376160542","0.17058619175920478","0.17058619175920478","0.17058619175920478"
"165","0.39406524912304997","0.39406524912304997","0.39406524912304997","0.36356826238002715","0.36356826238002715","0.36356826238002715","0.19032850268251894","0.19032850268251894","0.19032850268251894"
"166","0.4256173216020728","0.4256173216020728","0.4256173216020728","0.3829782674822632","0.3829782674822632","0.3829782674822632","0.23318931589427877","0.23318931589427877","0.23318931589427877"
"167","0.3973864989517819","0.3973864989517819","0.3973864989517819","0.3930442307042444","0.3930442307042444","0.3930442307042444","0.2688942987690974","0.2688942987690974","0.2688942987690974"
"168","0.376698417133868","0.376698417133868","0.376698417133868","0.3845087432707701","0.3845087432707701","0.3845087432707701","0.2853731352582188","0.2853731352582188","0.2853731352582188"
"169","0.40191964198173324","0.40191964198173324","0.40191964198173324","0.3286205178405711","0.3286205178405711","0.3286205178405711","0.2802143240142277","0.2802143240142277","0.2802143240142277"
"170","0.40191964198173324","0.40191964198173324","0.40191964198173324","0.3205057324331732","0.3205057324331732","0.3205057324331732","0.2436473625707773","0.2436473625707773","0.2436473625707773"
"171","0.3911070310858326","0.3911070310858326","0.3911070310858326","0.34573255928999896","0.34573255928999896","0.34573255928999896","0.28592905948504777","0.28592905948504777","0.28592905948504777"
"172","0.3696514851485149","0.3696514851485149","0.3696514851485149","0.3275504373755122","0.3275504373755122","0.3275504373755122","0.3049858730067902","0.3049858730067902","0.3049858730067902"
"173","0.37208208707083207","0.37208208707083207","0.37208208707083207","0.3809987402289192","0.3809987402289192","0.3809987402289192","0.25507686356041614","0.25507686356041614","0.25507686356041614"
"174","0.39478384320782584","0.39478384320782584","0.39478384320782584","0.40910753751101747","0.40910753751101747","0.40910753751101747","0.2717327184264897","0.2717327184264897","0.2717327184264897"
"175","0.37310391960415934","0.37310391960415934","0.37310391960415934","0.41481313139814713","0.41481313139814713","0.41481313139814713","0.2876757940974012","0.2876757940974012","0.2876757940974012"
"176","0.3913469402851143","0.3913469402851143","0.3913469402851143","0.42071008192076736","0.42071008192076736","0.42071008192076736","0.3414570571547969","0.3414570571547969","0.3414570571547969"
"177","0.3944029384034425","0.3944029384034425","0.3944029384034425","0.42018156720783967","0.42018156720783967","0.42018156720783967","0.38837206067293084","0.38837206067293084","0.38837206067293084"
"178","0.4340974167427164","0.4340974167427164","0.4340974167427164","0.3805162954064506","0.3805162954064506","0.3805162954064506","0.4234899290466041","0.4234899290466041","0.4234899290466041"
"179","0.4373611583657854","0.4373611583657854","0.4373611583657854","0.35806516773031205","0.35806516773031205","0.35806516773031205","0.4233785201917161","0.4233785201917161","0.4233785201917161"
"180","0.4556212673196369","0.4556212673196369","0.4556212673196369","0.39587622341784884","0.39587622341784884","0.39587622341784884","0.44417568408581665","0.44417568408581665","0.44417568408581665"
"181","0.47247145435859605","0.47247145435859605","0.47247145435859605","0.403095391357483","0.403095391357483","0.403095391357483","0.45600996488396134","0.45600996488396134","0.45600996488396134"
"182","0.46548718830863334","0.46548718830863334","0.46548718830863334","0.4187295694852832","0.4187295694852832","0.4187295694852832","0.42434954026632854","0.42434954026632854","0.42434954026632854"
"183","0.4753911767872524","0.4753911767872524","0.4753911767872524","0.42382585730241984","0.42382585730241984","0.42382585730241984","0.47826616714561926","0.47826616714561926","0.47826616714561926"
"184","0.44905522282274135","0.44905522282274135","0.44905522282274135","0.4109924423818517","0.4109924423818517","0.4109924423818517","0.4962815320572673","0.4962815320572673","0.4962815320572673"
"185","0.47373461868170463","0.47373461868170463","0.47373461868170463","0.4086022421741971","0.4086022421741971","0.4086022421741971","0.48121923507511255","0.48121923507511255","0.48121923507511255"
"186","0.426868487535954","0.426868487535954","0.426868487535954","0.4339261123277054","0.4339261123277054","0.4339261123277054","0.4580660486443381","0.4580660486443381","0.4580660486443381"
"187","0.4341761363254524","0.4341761363254524","0.4341761363254524","0.434280246062106","0.434280246062106","0.434280246062106","0.42897353603603605","0.42897353603603605","0.42897353603603605"
"188","0.4311306467964315","0.4311306467964315","0.4311306467964315","0.43200394578161594","0.43200394578161594","0.43200394578161594","0.4224377756471716","0.4224377756471716","0.4224377756471716"
"189","0.3744174263797854","0.3744174263797854","0.3744174263797854","0.4563216237855128","0.4563216237855128","0.4563216237855128","0.40044699396209127","0.40044699396209127","0.40044699396209127"
"190","0.3728994992605771","0.3728994992605771","0.3728994992605771","0.44058156800262843","0.44058156800262843","0.44058156800262843","0.38915989973191056","0.38915989973191056","0.38915989973191056"
"191","0.3728994992605771","0.3728994992605771","0.3728994992605771","0.44058156800262843","0.44058156800262843","0.44058156800262843","0.38915989973191056","0.38915989973191056","0.38915989973191056"
"192","0.3980358819678264","0.3980358819678264","0.3980358819678264","0.3843296805084821","0.3843296805084821","0.3843296805084821","0.36655248706335203","0.36655248706335203","0.36655248706335203"
"193","0.38440383106258746","0.38440383106258746","0.38440383106258746","0.367823110036057","0.367823110036057","0.367823110036057","0.34312608968807834","0.34312608968807834","0.34312608968807834"
"194","0.34666642616642623","0.34666642616642623","0.34666642616642623","0.3570653358508009","0.3570653358508009","0.3570653358508009","0.35037313340709064","0.35037313340709064","0.35037313340709064"
"195","0.3338754780095399","0.3338754780095399","0.3338754780095399","0.3746134146833269","0.3746134146833269","0.3746134146833269","0.3461426663571024","0.3461426663571024","0.3461426663571024"
"196","0.35059793834315645","0.35059793834315645","0.35059793834315645","0.37555043990448667","0.37555043990448667","0.37555043990448667","0.3636003315916398","0.3636003315916398","0.3636003315916398"
"197","0.3353690533424909","0.3353690533424909","0.3353690533424909","0.4027792354107559","0.4027792354107559","0.4027792354107559","0.3612000781090543","0.3612000781090543","0.3612000781090543"
"198","0.3655619795974635","0.3655619795974635","0.3655619795974635","0.448145998980632","0.448145998980632","0.448145998980632","0.38157365614243033","0.38157365614243033","0.38157365614243033"
"199","0.38682222599527005","0.38682222599527005","0.38682222599527005","0.4755847222222222","0.4755847222222222","0.4755847222222222","0.4260490637781186","0.4260490637781186","0.4260490637781186"
"200","0.3891282914106503","0.3891282914106503","0.3891282914106503","0.449218179472746","0.449218179472746","0.449218179472746","0.4230963634957255","0.4230963634957255","0.4230963634957255"
"201","0.32571030248577426","0.32571030248577426","0.32571030248577426","0.440444927069927","0.440444927069927","0.440444927069927","0.4163479829349394","0.4163479829349394","0.4163479829349394"
"202","0.34811111560008623","0.34811111560008623","0.34811111560008623","0.457400631649995","0.457400631649995","0.457400631649995","0.43955915069647766","0.43955915069647766","0.43955915069647766"
"203","0.32060678467789244","0.32060678467789244","0.32060678467789244","0.4493529268969383","0.4493529268969383","0.4493529268969383","0.4198816688664931","0.4198816688664931","0.4198816688664931"
"204","0.3751497301266403","0.3751497301266403","0.3751497301266403","0.4526240234290417","0.4526240234290417","0.4526240234290417","0.42072519103925354","0.42072519103925354","0.42072519103925354"
"205","0.41068935538592033","0.41068935538592033","0.41068935538592033","0.4310022834450236","0.4310022834450236","0.4310022834450236","0.41710811531161485","0.41710811531161485","0.41710811531161485"
"206","0.40015388339526275","0.40015388339526275","0.40015388339526275","0.4352629546938459","0.4352629546938459","0.4352629546938459","0.41543291409095173","0.41543291409095173","0.41543291409095173"
"207","0.39218095980595985","0.39218095980595985","0.39218095980595985","0.43236240914642166","0.43236240914642166","0.43236240914642166","0.4272876791870804","0.4272876791870804","0.4272876791870804"
"208","0.36646793831168833","0.36646793831168833","0.36646793831168833","0.45842927082500634","0.45842927082500634","0.45842927082500634","0.44616237505615447","0.44616237505615447","0.44616237505615447"
"209","0.40779820024707997","0.40779820024707997","0.40779820024707997","0.44090951856656474","0.44090951856656474","0.44090951856656474","0.43810887492708533","0.43810887492708533","0.43810887492708533"
"210","0.41490056089375643","0.41490056089375643","0.41490056089375643","0.44833373437289276","0.44833373437289276","0.44833373437289276","0.45539920266410616","0.45539920266410616","0.45539920266410616"
"211","0.4022554135878489","0.4022554135878489","0.4022554135878489","0.4539000721349186","0.4539000721349186","0.4539000721349186","0.4622001102367273","0.4622001102367273","0.4622001102367273"
"212","0.43501336295283666","0.43501336295283666","0.43501336295283666","0.4279938482195133","0.4279938482195133","0.4279938482195133","0.4469876515151515","0.4469876515151515","0.4469876515151515"
"213","0.43501336295283666","0.43501336295283666","0.43501336295283666","0.4543504535803899","0.4543504535803899","0.4543504535803899","0.4068976262626262","0.4068976262626262","0.4068976262626262"
"214","0.4290949709379016","0.4290949709379016","0.4290949709379016","0.4416314825068701","0.4416314825068701","0.4416314825068701","0.39817097564271475","0.39817097564271475","0.39817097564271475"
"215","0.40445159386068474","0.40445159386068474","0.40445159386068474","0.47184869841224764","0.47184869841224764","0.47184869841224764","0.3916300985108952","0.3916300985108952","0.3916300985108952"
"216","0.3666883829044023","0.3666883829044023","0.3666883829044023","0.45432414969512624","0.45432414969512624","0.45432414969512624","0.4245601571387941","0.4245601571387941","0.4245601571387941"
"217","0.37035785174911395","0.37035785174911395","0.37035785174911395","0.4842309680331944","0.4842309680331944","0.4842309680331944","0.434055738177624","0.434055738177624","0.434055738177624"
"218","0.3770187969924812","0.3770187969924812","0.3770187969924812","0.4925782389211666","0.4925782389211666","0.4925782389211666","0.48365973535402673","0.48365973535402673","0.48365973535402673"
"219","0.41272331259182443","0.41272331259182443","0.41272331259182443","0.4828547791519434","0.4828547791519434","0.4828547791519434","0.4794021661862792","0.4794021661862792","0.4794021661862792"
"220","0.4415932353699322","0.4415932353699322","0.4415932353699322","0.4605108406007752","0.4605108406007752","0.4605108406007752","0.49160008503401353","0.49160008503401353","0.49160008503401353"
"221","0.44043981651939124","0.44043981651939124","0.44043981651939124","0.46147705239802017","0.46147705239802017","0.46147705239802017","0.45850693550857846","0.45850693550857846","0.45850693550857846"
"222","0.391157431221261","0.391157431221261","0.391157431221261","0.4902380860163563","0.4902380860163563","0.4902380860163563","0.45295686916825034","0.45295686916825034","0.45295686916825034"
"223","0.42676175500939045","0.42676175500939045","0.42676175500939045","0.4902380860163563","0.4902380860163563","0.4902380860163563","0.45295686916825034","0.45295686916825034","0.45295686916825034"
"224","0.45774045893719806","0.45774045893719806","0.45774045893719806","0.49415381932333446","0.49415381932333446","0.49415381932333446","0.43627660945555136","0.43627660945555136","0.43627660945555136"
"225","0.4478233568402923","0.4478233568402923","0.4478233568402923","0.5002403654458343","0.5002403654458343","0.5002403654458343","0.4341402003346448","0.4341402003346448","0.4341402003346448"
"226","0.4421529281221922","0.4421529281221922","0.4421529281221922","0.49695540670706617","0.49695540670706617","0.49695540670706617","0.44131845665095304","0.44131845665095304","0.44131845665095304"
"227","0.4195807434269422","0.4195807434269422","0.4195807434269422","0.499418633823554","0.499418633823554","0.499418633823554","0.45528018390567204","0.45528018390567204","0.45528018390567204"
"228","0.382215135889266","0.382215135889266","0.382215135889266","0.5005055188986431","0.5005055188986431","0.5005055188986431","0.4861532699443414","0.4861532699443414","0.4861532699443414"
"229","0.4205969227994228","0.4205969227994228","0.4205969227994228","0.4912423889525742","0.4912423889525742","0.4912423889525742","0.4780312170706006","0.4780312170706006","0.4780312170706006"
"230","0.41347310014496436","0.41347310014496436","0.41347310014496436","0.49144439869659606","0.49144439869659606","0.49144439869659606","0.49715080022594615","0.49715080022594615","0.49715080022594615"
"231","0.4224553758837253","0.4224553758837253","0.4224553758837253","0.46487818612391196","0.46487818612391196","0.46487818612391196","0.47360238868274585","0.47360238868274585","0.47360238868274585"
"232","0.42277492651092907","0.42277492651092907","0.42277492651092907","0.43619526862026864","0.43619526862026864","0.43619526862026864","0.4570471560939178","0.4570471560939178","0.4570471560939178"
"233","0.47269861875412716","0.47269861875412716","0.47269861875412716","0.4602935596609937","0.4602935596609937","0.4602935596609937","0.47504930315540195","0.47504930315540195","0.47504930315540195"
"234","0.47269861875412716","0.47269861875412716","0.47269861875412716","0.4462708104679294","0.4462708104679294","0.4462708104679294","0.4750504206041072","0.4750504206041072","0.4750504206041072"
"235","0.3983722202937249","0.3983722202937249","0.3983722202937249","0.4787970903690202","0.4787970903690202","0.4787970903690202","0.4675106815695925","0.4675106815695925","0.4675106815695925"
"236","0.3753130350675934","0.3753130350675934","0.3753130350675934","0.4871453494899596","0.4871453494899596","0.4871453494899596","0.49932956717546756","0.49932956717546756","0.49932956717546756"
"237","0.3745699807345466","0.3745699807345466","0.3745699807345466","0.48539033439457735","0.48539033439457735","0.48539033439457735","0.5011888578883463","0.5011888578883463","0.5011888578883463"
"238","0.43551929864713657","0.43551929864713657","0.43551929864713657","0.500220443758899","0.500220443758899","0.500220443758899","0.4921648536812876","0.4921648536812876","0.4921648536812876"
"239","0.42808275090693315","0.42808275090693315","0.42808275090693315","0.5102467617260789","0.5102467617260789","0.5102467617260789","0.45337851363846504","0.45337851363846504","0.45337851363846504"
"240","0.4496421965410826","0.4496421965410826","0.4496421965410826","0.5027206530199785","0.5027206530199785","0.5027206530199785","0.4473898586776264","0.4473898586776264","0.4473898586776264"
"241","0.4436008038782523","0.4436008038782523","0.4436008038782523","0.49216908097375967","0.49216908097375967","0.49216908097375967","0.48881199002272047","0.48881199002272047","0.48881199002272047"
"242","0.42471704346876366","0.42471704346876366","0.42471704346876366","0.4891635167442828","0.4891635167442828","0.4891635167442828","0.4705542841411783","0.4705542841411783","0.4705542841411783"
"243","0.4384819307608101","0.4384819307608101","0.4384819307608101","0.4748203305543367","0.4748203305543367","0.4748203305543367","0.43986150497512433","0.43986150497512433","0.43986150497512433"
"244","0.4872655228758169","0.4872655228758169","0.4872655228758169","0.48405902990814137","0.48405902990814137","0.48405902990814137","0.4515187348272642","0.4515187348272642","0.4515187348272642"
"245","0.5033526251646904","0.5033526251646904","0.5033526251646904","0.4890742577597841","0.4890742577597841","0.4890742577597841","0.4823306762681763","0.4823306762681763","0.4823306762681763"
"246","0.43653310421170155","0.43653310421170155","0.43653310421170155","0.49025697900642484","0.49025697900642484","0.49025697900642484","0.49690955587345426","0.49690955587345426","0.49690955587345426"
"247","0.4837307311685047","0.4837307311685047","0.4837307311685047","0.4938162604568854","0.4938162604568854","0.4938162604568854","0.4832542337284259","0.4832542337284259","0.4832542337284259"
"248","0.5053927482609438","0.5053927482609438","0.5053927482609438","0.4813561417726429","0.4813561417726429","0.4813561417726429","0.481610053740429","0.481610053740429","0.481610053740429"
"249","0.48726041666666664","0.48726041666666664","0.48726041666666664","0.5020407145539151","0.5020407145539151","0.5020407145539151","0.4822667210263101","0.4822667210263101","0.4822667210263101"
"250","0.47885524032042726","0.47885524032042726","0.47885524032042726","0.4820578204220397","0.4820578204220397","0.4820578204220397","0.5438033771929824","0.5438033771929824","0.5438033771929824"
"251","0.4996543688636729","0.4996543688636729","0.4996543688636729","0.4819343088951643","0.4819343088951643","0.4819343088951643","0.5535560806477472","0.5535560806477472","0.5535560806477472"
"252","0.47379736304987236","0.47379736304987236","0.47379736304987236","0.49891758595913227","0.49891758595913227","0.49891758595913227","0.5368129570158102","0.5368129570158102","0.5368129570158102"
"253","0.46865892370511936","0.46865892370511936","0.46865892370511936","0.5003420711780646","0.5003420711780646","0.5003420711780646","0.5717350047415837","0.5717350047415837","0.5717350047415837"
"254","0.45741647928402135","0.45741647928402135","0.45741647928402135","0.5164421626984127","0.5164421626984127","0.5164421626984127","0.5561073583279466","0.5561073583279466","0.5561073583279466"
"255","0.45741647928402135","0.45741647928402135","0.45741647928402135","0.5164421626984127","0.5164421626984127","0.5164421626984127","0.5561073583279466","0.5561073583279466","0.5561073583279466"
"256","0.4838208843537415","0.4838208843537415","0.4838208843537415","0.5308858543417366","0.5308858543417366","0.5308858543417366","0.5323496714502154","0.5323496714502154","0.5323496714502154"
"257","0.4677853693181818","0.4677853693181818","0.4677853693181818","0.5034759397422626","0.5034759397422626","0.5034759397422626","0.4873007864179655","0.4873007864179655","0.4873007864179655"
"258","0.45200392250171967","0.45200392250171967","0.45200392250171967","0.4926600071225071","0.4926600071225071","0.4926600071225071","0.4805869179600887","0.4805869179600887","0.4805869179600887"
"259","0.4428889514126646","0.4428889514126646","0.4428889514126646","0.49935807540147537","0.49935807540147537","0.49935807540147537","0.47773213207986","0.47773213207986","0.47773213207986"
"260","0.4598609266809034","0.4598609266809034","0.4598609266809034","0.4617245377712271","0.4617245377712271","0.4617245377712271","0.4654431605975724","0.4654431605975724","0.4654431605975724"
"261","0.45991381229845246","0.45991381229845246","0.45991381229845246","0.4595982177650596","0.4595982177650596","0.4595982177650596","0.4683502202796745","0.4683502202796745","0.4683502202796745"
"262","0.47636048114898133","0.47636048114898133","0.47636048114898133","0.45995200047348483","0.45995200047348483","0.45995200047348483","0.492521581732108","0.492521581732108","0.492521581732108"
"263","0.47844736168803803","0.47844736168803803","0.47844736168803803","0.4607481468291654","0.4607481468291654","0.4607481468291654","0.506001365976366","0.506001365976366","0.506001365976366"
"264","0.5310894576690031","0.5310894576690031","0.5310894576690031","0.4417091775469044","0.4417091775469044","0.4417091775469044","0.5156616196648147","0.5156616196648147","0.5156616196648147"
"265","0.5289922409579667","0.5289922409579667","0.5289922409579667","0.45887582010582006","0.45887582010582006","0.45887582010582006","0.5252096897806223","0.5252096897806223","0.5252096897806223"
"266","0.5076998884509047","0.5076998884509047","0.5076998884509047","0.43871138234023305","0.43871138234023305","0.43871138234023305","0.5369942276052541","0.5369942276052541","0.5369942276052541"
"267","0.5427721871289088","0.5427721871289088","0.5427721871289088","0.44933708414872797","0.44933708414872797","0.44933708414872797","0.5275117450999178","0.5275117450999178","0.5275117450999178"
"268","0.5295066549178282","0.5295066549178282","0.5295066549178282","0.41445659862344186","0.41445659862344186","0.41445659862344186","0.5462303197430316","0.5462303197430316","0.5462303197430316"
"269","0.517394916417104","0.517394916417104","0.517394916417104","0.44248237149427483","0.44248237149427483","0.44248237149427483","0.5269773317238249","0.5269773317238249","0.5269773317238249"
"270","0.5027319631685611","0.5027319631685611","0.5027319631685611","0.45162530487804875","0.45162530487804875","0.45162530487804875","0.5493915056360708","0.5493915056360708","0.5493915056360708"
"271","0.5093307550904977","0.5093307550904977","0.5093307550904977","0.43451564598442116","0.43451564598442116","0.43451564598442116","0.5893306114453718","0.5893306114453718","0.5893306114453718"
"272","0.506015591748231","0.506015591748231","0.506015591748231","0.43451670988744207","0.43451670988744207","0.43451670988744207","0.573175104089989","0.573175104089989","0.573175104089989"
"273","0.5092432309756142","0.5092432309756142","0.5092432309756142","0.4551965146227983","0.4551965146227983","0.4551965146227983","0.5597321754241811","0.5597321754241811","0.5597321754241811"
"274","0.5210804964539008","0.5210804964539008","0.5210804964539008","0.4793308762402789","0.4793308762402789","0.4793308762402789","0.5142916220238095","0.5142916220238095","0.5142916220238095"
"275","0.523183211636182","0.523183211636182","0.523183211636182","0.4713330618318242","0.4713330618318242","0.4713330618318242","0.4893089957318256","0.4893089957318256","0.4893089957318256"
"276","0.5202022757335257","0.5202022757335257","0.5202022757335257","0.4672114202140901","0.4672114202140901","0.4672114202140901","0.4712694009046462","0.4712694009046462","0.4712694009046462"
"277","0.5202022757335257","0.5202022757335257","0.5202022757335257","0.4581394922618792","0.4581394922618792","0.4581394922618792","0.4812535771796641","0.4812535771796641","0.4812535771796641"
"278","0.5125163817663818","0.5125163817663818","0.5125163817663818","0.47338551600826834","0.47338551600826834","0.47338551600826834","0.47073757894778745","0.47073757894778745","0.47073757894778745"
"279","0.519063005948038","0.519063005948038","0.519063005948038","0.4505932616481906","0.4505932616481906","0.4505932616481906","0.4682718696512089","0.4682718696512089","0.4682718696512089"
"280","0.4969982963395639","0.4969982963395639","0.4969982963395639","0.4589738032726338","0.4589738032726338","0.4589738032726338","0.5053648722298756","0.5053648722298756","0.5053648722298756"
"281","0.5014894179894179","0.5014894179894179","0.5014894179894179","0.4415530882352941","0.4415530882352941","0.4415530882352941","0.5115662892759969","0.5115662892759969","0.5115662892759969"
"282","0.5218306001188354","0.5218306001188354","0.5218306001188354","0.45147462387897075","0.45147462387897075","0.45147462387897075","0.5402642635323006","0.5402642635323006","0.5402642635323006"
"283","0.5001716001829183","0.5001716001829183","0.5001716001829183","0.4788861373165618","0.4788861373165618","0.4788861373165618","0.48614411758653325","0.48614411758653325","0.48614411758653325"
"284","0.4947414334665905","0.4947414334665905","0.4947414334665905","0.47946412035934227","0.47946412035934227","0.47946412035934227","0.4823766154188948","0.4823766154188948","0.4823766154188948"
"285","0.49322823572732555","0.49322823572732555","0.49322823572732555","0.4747572141905535","0.4747572141905535","0.4747572141905535","0.4651842342342343","0.4651842342342343","0.4651842342342343"
"286","0.5037421644318028","0.5037421644318028","0.5037421644318028","0.47534387991041216","0.47534387991041216","0.47534387991041216","0.4764941245144805","0.4764941245144805","0.4764941245144805"
"287","0.503944366598314","0.503944366598314","0.503944366598314","0.47534387991041216","0.47534387991041216","0.47534387991041216","0.4764941245144805","0.4764941245144805","0.4764941245144805"
"288","0.5244102175602176","0.5244102175602176","0.5244102175602176","0.4587604830669151","0.4587604830669151","0.4587604830669151","0.47269885823590907","0.47269885823590907","0.47269885823590907"
"289","0.5300767060644436","0.5300767060644436","0.5300767060644436","0.45682739178380044","0.45682739178380044","0.45682739178380044","0.46802645082636296","0.46802645082636296","0.46802645082636296"
"290","0.5520582592226615","0.5520582592226615","0.5520582592226615","0.45788506830051934","0.45788506830051934","0.45788506830051934","0.46847077185510966","0.46847077185510966","0.46847077185510966"
"291","0.5685062998405104","0.5685062998405104","0.5685062998405104","0.463202918956044","0.463202918956044","0.463202918956044","0.4684714743331858","0.4684714743331858","0.4684714743331858"
"292","0.5690639863721385","0.5690639863721385","0.5690639863721385","0.4311951194167491","0.4311951194167491","0.4311951194167491","0.47486052775049337","0.47486052775049337","0.47486052775049337"
"293","0.5467387693883523","0.5467387693883523","0.5467387693883523","0.4421057237700514","0.4421057237700514","0.4421057237700514","0.4743469404603149","0.4743469404603149","0.4743469404603149"
"294","0.5229954726765058","0.5229954726765058","0.5229954726765058","0.4379739215130997","0.4379739215130997","0.4379739215130997","0.48485879342074983","0.48485879342074983","0.48485879342074983"
"295","0.5500574803390246","0.5500574803390246","0.5500574803390246","0.4318392339326652","0.4318392339326652","0.4318392339326652","0.48488243594373404","0.48488243594373404","0.48488243594373404"
"296","0.540903079710145","0.540903079710145","0.540903079710145","0.44664724601609673","0.44664724601609673","0.44664724601609673","0.48950471951294316","0.48950471951294316","0.48950471951294316"
"297","0.5060922607579709","0.5060922607579709","0.5060922607579709","0.45375089985244194","0.45375089985244194","0.45375089985244194","0.49264794314108823","0.49264794314108823","0.49264794314108823"
"298","0.5060922607579709","0.5060922607579709","0.5060922607579709","0.45994057848180186","0.45994057848180186","0.45994057848180186","0.5030890314569536","0.5030890314569536","0.5030890314569536"
"299","0.5313609972161815","0.5313609972161815","0.5313609972161815","0.45993594030876594","0.45993594030876594","0.45993594030876594","0.5104993060442569","0.5104993060442569","0.5104993060442569"