"Step","yolo_tomo_v1 - train/obj_loss","yolo_tomo_v1 - train/obj_loss__MIN","yolo_tomo_v1 - train/obj_loss__MAX","yDICOM4 - train/obj_loss","yDICOM4 - train/obj_loss__MIN","yDICOM4 - train/obj_loss__MAX","yDICOM3 - train/obj_loss","yDICOM3 - train/obj_loss__MIN","yDICOM3 - train/obj_loss__MAX"
"0","1.4473907947540283","1.4473907947540283","1.4473907947540283","1.543492078781128","1.543492078781128","1.543492078781128","1.5637896060943604","1.5637896060943604","1.5637896060943604"
"1","0.6303616166114807","0.6303616166114807","0.6303616166114807","0.869541347026825","0.869541347026825","0.869541347026825","0.9080077409744263","0.9080077409744263","0.9080077409744263"
"2","0.3045271635055542","0.3045271635055542","0.3045271635055542","0.4465506374835968","0.4465506374835968","0.4465506374835968","0.45469430088996887","0.45469430088996887","0.45469430088996887"
"3","0.16501541435718536","0.16501541435718536","0.16501541435718536","0.2761331796646118","0.2761331796646118","0.2761331796646118","0.27100932598114014","0.27100932598114014","0.27100932598114014"
"4","0.09407969564199448","0.09407969564199448","0.09407969564199448","0.1813233196735382","0.1813233196735382","0.1813233196735382","0.17591601610183716","0.17591601610183716","0.17591601610183716"
"5","0.04996819421648979","0.04996819421648979","0.04996819421648979","0.12466579675674438","0.12466579675674438","0.12466579675674438","0.12142813950777054","0.12142813950777054","0.12142813950777054"
"6","0.023581430315971375","0.023581430315971375","0.023581430315971375","0.08875866234302521","0.08875866234302521","0.08875866234302521","0.08645513653755188","0.08645513653755188","0.08645513653755188"
"7","0.018310964107513428","0.018310964107513428","0.018310964107513428","0.059648141264915466","0.059648141264915466","0.059648141264915466","0.058328479528427124","0.058328479528427124","0.058328479528427124"
"8","0.01859903894364834","0.01859903894364834","0.01859903894364834","0.03702380880713463","0.03702380880713463","0.03702380880713463","0.03571663051843643","0.03571663051843643","0.03571663051843643"
"9","0.01862921006977558","0.01862921006977558","0.01862921006977558","0.025243649259209633","0.025243649259209633","0.025243649259209633","0.023709556087851524","0.023709556087851524","0.023709556087851524"
"10","0.018988627940416336","0.018988627940416336","0.018988627940416336","0.017006035894155502","0.017006035894155502","0.017006035894155502","0.01584329456090927","0.01584329456090927","0.01584329456090927"
"11","0.018319156020879745","0.018319156020879745","0.018319156020879745","0.012904005125164986","0.012904005125164986","0.012904005125164986","0.01254179049283266","0.01254179049283266","0.01254179049283266"
"12","0.018406663089990616","0.018406663089990616","0.018406663089990616","0.010346862487494946","0.010346862487494946","0.010346862487494946","0.009777017869055271","0.009777017869055271","0.009777017869055271"
"13","0.018327169120311737","0.018327169120311737","0.018327169120311737","0.007960576564073563","0.007960576564073563","0.007960576564073563","0.007335510104894638","0.007335510104894638","0.007335510104894638"
"14","0.01887306198477745","0.01887306198477745","0.01887306198477745","0.006720983423292637","0.006720983423292637","0.006720983423292637","0.005780018866062164","0.005780018866062164","0.005780018866062164"
"15","0.01819944567978382","0.01819944567978382","0.01819944567978382","0.005495348945260048","0.005495348945260048","0.005495348945260048","0.006145034451037645","0.006145034451037645","0.006145034451037645"
"16","0.016944298520684242","0.016944298520684242","0.016944298520684242","0.005012876354157925","0.005012876354157925","0.005012876354157925","0.005010408814996481","0.005010408814996481","0.005010408814996481"
"17","0.00880433153361082","0.00880433153361082","0.00880433153361082","0.004988665226846933","0.004988665226846933","0.004988665226846933","0.004234195686876774","0.004234195686876774","0.004234195686876774"
"18","0.005093996878713369","0.005093996878713369","0.005093996878713369","0.0038801534101366997","0.0038801534101366997","0.0038801534101366997","0.004200801253318787","0.004200801253318787","0.004200801253318787"
"19","0.003585582599043846","0.003585582599043846","0.003585582599043846","0.0041757444851100445","0.0041757444851100445","0.0041757444851100445","0.0044188969768583775","0.0044188969768583775","0.0044188969768583775"
"20","0.0031103671062737703","0.0031103671062737703","0.0031103671062737703","0.0036151509266346693","0.0036151509266346693","0.0036151509266346693","0.004115796182304621","0.004115796182304621","0.004115796182304621"
"21","0.002528825309127569","0.002528825309127569","0.002528825309127569","0.003986109513789415","0.003986109513789415","0.003986109513789415","0.003888271050527692","0.003888271050527692","0.003888271050527692"
"22","0.0025232061743736267","0.0025232061743736267","0.0025232061743736267","0.003110431367531419","0.003110431367531419","0.003110431367531419","0.003853944828733802","0.003853944828733802","0.003853944828733802"
"23","0.0026426943950355053","0.0026426943950355053","0.0026426943950355053","0.0038791783154010773","0.0038791783154010773","0.0038791783154010773","0.0034725144505500793","0.0034725144505500793","0.0034725144505500793"
"24","0.002226075157523155","0.002226075157523155","0.002226075157523155","0.003352339845150709","0.003352339845150709","0.003352339845150709","0.003842578735202551","0.003842578735202551","0.003842578735202551"
"25","0.0024726251140236855","0.0024726251140236855","0.0024726251140236855","0.002935458207502961","0.002935458207502961","0.002935458207502961","0.003499294864013791","0.003499294864013791","0.003499294864013791"
"26","0.002748301485553384","0.002748301485553384","0.002748301485553384","0.0035334271378815174","0.0035334271378815174","0.0035334271378815174","0.003363434923812747","0.003363434923812747","0.003363434923812747"
"27","0.002696425886824727","0.002696425886824727","0.002696425886824727","0.003693017875775695","0.003693017875775695","0.003693017875775695","0.0033307955600321293","0.0033307955600321293","0.0033307955600321293"
"28","0.002084264298900962","0.002084264298900962","0.002084264298900962","0.003491131355985999","0.003491131355985999","0.003491131355985999","0.0035819695331156254","0.0035819695331156254","0.0035819695331156254"
"29","0.0022866670042276382","0.0022866670042276382","0.0022866670042276382","0.003762271022424102","0.003762271022424102","0.003762271022424102","0.0032275444827973843","0.0032275444827973843","0.0032275444827973843"
"30","0.00205847411416471","0.00205847411416471","0.00205847411416471","0.003128968644887209","0.003128968644887209","0.003128968644887209","0.003448355942964554","0.003448355942964554","0.003448355942964554"
"31","0.0023228584323078394","0.0023228584323078394","0.0023228584323078394","0.003291836939752102","0.003291836939752102","0.003291836939752102","0.002868182025849819","0.002868182025849819","0.002868182025849819"
"32","0.0026586661115288734","0.0026586661115288734","0.0026586661115288734","0.004166090860962868","0.004166090860962868","0.004166090860962868","0.0034299311228096485","0.0034299311228096485","0.0034299311228096485"
"33","0.003175006015226245","0.003175006015226245","0.003175006015226245","0.003489927388727665","0.003489927388727665","0.003489927388727665","0.003699246793985367","0.003699246793985367","0.003699246793985367"
"34","0.002773897023871541","0.002773897023871541","0.002773897023871541","0.003050876082852483","0.003050876082852483","0.003050876082852483","0.0032120971009135246","0.0032120971009135246","0.0032120971009135246"
"35","0.002992229536175728","0.002992229536175728","0.002992229536175728","0.002948652021586895","0.002948652021586895","0.002948652021586895","0.002970596309751272","0.002970596309751272","0.002970596309751272"
"36","0.003394728759303689","0.003394728759303689","0.003394728759303689","0.00318789086304605","0.00318789086304605","0.00318789086304605","0.003786639776080847","0.003786639776080847","0.003786639776080847"
"37","0.0022849717643111944","0.0022849717643111944","0.0022849717643111944","0.003295627422630787","0.003295627422630787","0.003295627422630787","0.002797679975628853","0.002797679975628853","0.002797679975628853"
"38","0.002539395121857524","0.002539395121857524","0.002539395121857524","0.0032077673822641373","0.0032077673822641373","0.0032077673822641373","0.003043857868760824","0.003043857868760824","0.003043857868760824"
"39","0.0021782873664051294","0.0021782873664051294","0.0021782873664051294","0.0028381922747939825","0.0028381922747939825","0.0028381922747939825","0.003015387337654829","0.003015387337654829","0.003015387337654829"
"40","0.002233970444649458","0.002233970444649458","0.002233970444649458","0.003464019624516368","0.003464019624516368","0.003464019624516368","0.0027212498243898153","0.0027212498243898153","0.0027212498243898153"
"41","0.0026320843026041985","0.0026320843026041985","0.0026320843026041985","0.0033281242940574884","0.0033281242940574884","0.0033281242940574884","0.0026573562063276768","0.0026573562063276768","0.0026573562063276768"
"42","0.002280654152855277","0.002280654152855277","0.002280654152855277","0.0031175652984529734","0.0031175652984529734","0.0031175652984529734","0.0030191305559128523","0.0030191305559128523","0.0030191305559128523"
"43","0.0026933832559734583","0.0026933832559734583","0.0026933832559734583","0.00312227220274508","0.00312227220274508","0.00312227220274508","0.0028388705104589462","0.0028388705104589462","0.0028388705104589462"
"44","0.0020644308533519506","0.0020644308533519506","0.0020644308533519506","0.003519349964335561","0.003519349964335561","0.003519349964335561","0.00295119802467525","0.00295119802467525","0.00295119802467525"
"45","0.0025078915059566498","0.0025078915059566498","0.0025078915059566498","0.0028266708832234144","0.0028266708832234144","0.0028266708832234144","0.0038436579052358866","0.0038436579052358866","0.0038436579052358866"
"46","0.002086009830236435","0.002086009830236435","0.002086009830236435","0.0032432102598249912","0.0032432102598249912","0.0032432102598249912","0.0030331043526530266","0.0030331043526530266","0.0030331043526530266"
"47","0.002506542019546032","0.002506542019546032","0.002506542019546032","0.003509299596771598","0.003509299596771598","0.003509299596771598","0.002953826216980815","0.002953826216980815","0.002953826216980815"
"48","0.0019490576814860106","0.0019490576814860106","0.0019490576814860106","0.003256389172747731","0.003256389172747731","0.003256389172747731","0.0026351904962211847","0.0026351904962211847","0.0026351904962211847"
"49","0.0023149168118834496","0.0023149168118834496","0.0023149168118834496","0.0032637803815305233","0.0032637803815305233","0.0032637803815305233","0.002603822387754917","0.002603822387754917","0.002603822387754917"
"50","0.002359029371291399","0.002359029371291399","0.002359029371291399","0.0037712787743657827","0.0037712787743657827","0.0037712787743657827","0.0027344534173607826","0.0027344534173607826","0.0027344534173607826"
"51","0.0021516236010938883","0.0021516236010938883","0.0021516236010938883","0.003283009398728609","0.003283009398728609","0.003283009398728609","0.003272873582318425","0.003272873582318425","0.003272873582318425"
"52","0.002581262495368719","0.002581262495368719","0.002581262495368719","0.003021789947524667","0.003021789947524667","0.003021789947524667","0.0028721834532916546","0.0028721834532916546","0.0028721834532916546"
"53","0.0030916063115000725","0.0030916063115000725","0.0030916063115000725","0.0031795543618500233","0.0031795543618500233","0.0031795543618500233","0.0026443502865731716","0.0026443502865731716","0.0026443502865731716"
"54","0.0019477076129987836","0.0019477076129987836","0.0019477076129987836","0.0035514747723937035","0.0035514747723937035","0.0035514747723937035","0.0035538021475076675","0.0035538021475076675","0.0035538021475076675"
"55","0.0022304311860352755","0.0022304311860352755","0.0022304311860352755","0.0028292054776102304","0.0028292054776102304","0.0028292054776102304","0.0033667117822915316","0.0033667117822915316","0.0033667117822915316"
"56","0.0022674573119729757","0.0022674573119729757","0.0022674573119729757","0.003475478384643793","0.003475478384643793","0.003475478384643793","0.0030897294636815786","0.0030897294636815786","0.0030897294636815786"
"57","0.0022901506163179874","0.0022901506163179874","0.0022901506163179874","0.003056533867493272","0.003056533867493272","0.003056533867493272","0.0033303764648735523","0.0033303764648735523","0.0033303764648735523"
"58","0.0021939820144325495","0.0021939820144325495","0.0021939820144325495","0.0031444597989320755","0.0031444597989320755","0.0031444597989320755","0.003201668383553624","0.003201668383553624","0.003201668383553624"
"59","0.002541480353102088","0.002541480353102088","0.002541480353102088","0.0030797207728028297","0.0030797207728028297","0.0030797207728028297","0.003002592595294118","0.003002592595294118","0.003002592595294118"
"60","0.0022001240868121386","0.0022001240868121386","0.0022001240868121386","0.0033561321906745434","0.0033561321906745434","0.0033561321906745434","0.00347577384673059","0.00347577384673059","0.00347577384673059"
"61","0.002184204990044236","0.002184204990044236","0.002184204990044236","0.002837634179741144","0.002837634179741144","0.002837634179741144","0.002962385071441531","0.002962385071441531","0.002962385071441531"
"62","0.0020161389838904142","0.0020161389838904142","0.0020161389838904142","0.0030042054131627083","0.0030042054131627083","0.0030042054131627083","0.0033993455581367016","0.0033993455581367016","0.0033993455581367016"
"63","0.0023643062449991703","0.0023643062449991703","0.0023643062449991703","0.0030690343119204044","0.0030690343119204044","0.0030690343119204044","0.0035899747163057327","0.0035899747163057327","0.0035899747163057327"
"64","0.0024185036309063435","0.0024185036309063435","0.0024185036309063435","0.0031726087909191847","0.0031726087909191847","0.0031726087909191847","0.0030046640895307064","0.0030046640895307064","0.0030046640895307064"
"65","0.0020401515066623688","0.0020401515066623688","0.0020401515066623688","0.0034728229511529207","0.0034728229511529207","0.0034728229511529207","0.003027195343747735","0.003027195343747735","0.003027195343747735"
"66","0.0020820314530283213","0.0020820314530283213","0.0020820314530283213","0.002791497390717268","0.002791497390717268","0.002791497390717268","0.0034034124109894037","0.0034034124109894037","0.0034034124109894037"
"67","0.00225884304381907","0.00225884304381907","0.00225884304381907","0.0031520677730441093","0.0031520677730441093","0.0031520677730441093","0.0031917307060211897","0.0031917307060211897","0.0031917307060211897"
"68","0.0019341770093888044","0.0019341770093888044","0.0019341770093888044","0.004054561723023653","0.004054561723023653","0.004054561723023653","0.0034525953233242035","0.0034525953233242035","0.0034525953233242035"
"69","0.002011371310800314","0.002011371310800314","0.002011371310800314","0.0033072324004024267","0.0033072324004024267","0.0033072324004024267","0.002980818273499608","0.002980818273499608","0.002980818273499608"
"70","0.0018036956898868084","0.0018036956898868084","0.0018036956898868084","0.0033660447224974632","0.0033660447224974632","0.0033660447224974632","0.00244782492518425","0.00244782492518425","0.00244782492518425"
"71","0.0020282906480133533","0.0020282906480133533","0.0020282906480133533","0.0032344406936317682","0.0032344406936317682","0.0032344406936317682","0.003436681814491749","0.003436681814491749","0.003436681814491749"
"72","0.002353645395487547","0.002353645395487547","0.002353645395487547","0.003585521597415209","0.003585521597415209","0.003585521597415209","0.0033382533583790064","0.0033382533583790064","0.0033382533583790064"
"73","0.002650020644068718","0.002650020644068718","0.002650020644068718","0.0031236133072525263","0.0031236133072525263","0.0031236133072525263","0.0032309535890817642","0.0032309535890817642","0.0032309535890817642"
"74","0.002264143666252494","0.002264143666252494","0.002264143666252494","0.0029303538613021374","0.0029303538613021374","0.0029303538613021374","0.002915425691753626","0.002915425691753626","0.002915425691753626"
"75","0.0019434820860624313","0.0019434820860624313","0.0019434820860624313","0.0032075385097414255","0.0032075385097414255","0.0032075385097414255","0.002657986478880048","0.002657986478880048","0.002657986478880048"
"76","0.00221519754268229","0.00221519754268229","0.00221519754268229","0.0034803536254912615","0.0034803536254912615","0.0034803536254912615","0.0029806895181536674","0.0029806895181536674","0.0029806895181536674"
"77","0.0018062315648421645","0.0018062315648421645","0.0018062315648421645","0.002915316494181752","0.002915316494181752","0.002915316494181752","0.002624527784064412","0.002624527784064412","0.002624527784064412"
"78","0.0021112035028636456","0.0021112035028636456","0.0021112035028636456","0.0026373763103038073","0.0026373763103038073","0.0026373763103038073","0.0028154903557151556","0.0028154903557151556","0.0028154903557151556"
"79","0.0017898236401379108","0.0017898236401379108","0.0017898236401379108","0.0027961807791143656","0.0027961807791143656","0.0027961807791143656","0.002928863512352109","0.002928863512352109","0.002928863512352109"
"80","0.0023373039439320564","0.0023373039439320564","0.0023373039439320564","0.0028995461761951447","0.0028995461761951447","0.0028995461761951447","0.0026435807812958956","0.0026435807812958956","0.0026435807812958956"
"81","0.002167197410017252","0.002167197410017252","0.002167197410017252","0.0028044648934155703","0.0028044648934155703","0.0028044648934155703","0.003219949547201395","0.003219949547201395","0.003219949547201395"
"82","0.001988460309803486","0.001988460309803486","0.001988460309803486","0.003415144747123122","0.003415144747123122","0.003415144747123122","0.0026682920288294554","0.0026682920288294554","0.0026682920288294554"
"83","0.00236411951482296","0.00236411951482296","0.00236411951482296","0.003313640132546425","0.003313640132546425","0.003313640132546425","0.002971496433019638","0.002971496433019638","0.002971496433019638"
"84","0.0021466328762471676","0.0021466328762471676","0.0021466328762471676","0.0034557380713522434","0.0034557380713522434","0.0034557380713522434","0.002664057072252035","0.002664057072252035","0.002664057072252035"
"85","0.002126123057678342","0.002126123057678342","0.002126123057678342","0.0030932961963117123","0.0030932961963117123","0.0030932961963117123","0.002902244683355093","0.002902244683355093","0.002902244683355093"
"86","0.0018165187211707234","0.0018165187211707234","0.0018165187211707234","0.003153324592858553","0.003153324592858553","0.003153324592858553","0.002489923732355237","0.002489923732355237","0.002489923732355237"
"87","0.002474977169185877","0.002474977169185877","0.002474977169185877","0.0028240939136594534","0.0028240939136594534","0.0028240939136594534","0.002932201372459531","0.002932201372459531","0.002932201372459531"
"88","0.0021081860177218914","0.0021081860177218914","0.0021081860177218914","0.003243176732212305","0.003243176732212305","0.003243176732212305","0.002545974450185895","0.002545974450185895","0.002545974450185895"
"89","0.0018067968776449561","0.0018067968776449561","0.0018067968776449561","0.0026327739469707012","0.0026327739469707012","0.0026327739469707012","0.002486222656443715","0.002486222656443715","0.002486222656443715"
"90","0.001806681975722313","0.001806681975722313","0.001806681975722313","0.003286896273493767","0.003286896273493767","0.003286896273493767","0.0033065846655517817","0.0033065846655517817","0.0033065846655517817"
"91","0.001871818327344954","0.001871818327344954","0.001871818327344954","0.002972240326926112","0.002972240326926112","0.002972240326926112","0.0025095834862440825","0.0025095834862440825","0.0025095834862440825"
"92","0.002243419410660863","0.002243419410660863","0.002243419410660863","0.0034729267936199903","0.0034729267936199903","0.0034729267936199903","0.0028041722252964973","0.0028041722252964973","0.0028041722252964973"
"93","0.0021614355500787497","0.0021614355500787497","0.0021614355500787497","0.00275379023514688","0.00275379023514688","0.00275379023514688","0.0021866238676011562","0.0021866238676011562","0.0021866238676011562"
"94","0.0022765330504626036","0.0022765330504626036","0.0022765330504626036","0.00281493435613811","0.00281493435613811","0.00281493435613811","0.0025982747320085764","0.0025982747320085764","0.0025982747320085764"
"95","0.0022020062897354364","0.0022020062897354364","0.0022020062897354364","0.002868007170036435","0.002868007170036435","0.002868007170036435","0.002565884031355381","0.002565884031355381","0.002565884031355381"
"96","0.0027178358286619186","0.0027178358286619186","0.0027178358286619186","0.0021923109889030457","0.0021923109889030457","0.0021923109889030457","0.003132488578557968","0.003132488578557968","0.003132488578557968"
"97","0.0020881511736661196","0.0020881511736661196","0.0020881511736661196","0.0025545815005898476","0.0025545815005898476","0.0025545815005898476","0.002747379709035158","0.002747379709035158","0.002747379709035158"
"98","0.0022602882236242294","0.0022602882236242294","0.0022602882236242294","0.0024837530218064785","0.0024837530218064785","0.0024837530218064785","0.002365225926041603","0.002365225926041603","0.002365225926041603"
"99","0.002162607852369547","0.002162607852369547","0.002162607852369547","0.0026925441343337297","0.0026925441343337297","0.0026925441343337297","0.0024172666016966105","0.0024172666016966105","0.0024172666016966105"
"100","0.0019959851633757353","0.0019959851633757353","0.0019959851633757353","0.002885134657844901","0.002885134657844901","0.002885134657844901","0.002570727374404669","0.002570727374404669","0.002570727374404669"
"101","0.0023858994245529175","0.0023858994245529175","0.0023858994245529175","0.0025555628817528486","0.0025555628817528486","0.0025555628817528486","0.002497403183951974","0.002497403183951974","0.002497403183951974"
"102","0.0018808719469234347","0.0018808719469234347","0.0018808719469234347","0.0028548839036375284","0.0028548839036375284","0.0028548839036375284","0.0025113311130553484","0.0025113311130553484","0.0025113311130553484"
"103","0.0022878714371472597","0.0022878714371472597","0.0022878714371472597","0.0025122782681137323","0.0025122782681137323","0.0025122782681137323","0.002373041585087776","0.002373041585087776","0.002373041585087776"
"104","0.0021911493968218565","0.0021911493968218565","0.0021911493968218565","0.002863922854885459","0.002863922854885459","0.002863922854885459","0.002558950800448656","0.002558950800448656","0.002558950800448656"
"105","0.002712391782552004","0.002712391782552004","0.002712391782552004","0.0028264056891202927","0.0028264056891202927","0.0028264056891202927","0.002755798865109682","0.002755798865109682","0.002755798865109682"
"106","0.0019825827330350876","0.0019825827330350876","0.0019825827330350876","0.002996096620336175","0.002996096620336175","0.002996096620336175","0.003007923485711217","0.003007923485711217","0.003007923485711217"
"107","0.00180033128708601","0.00180033128708601","0.00180033128708601","0.0036616858560591936","0.0036616858560591936","0.0036616858560591936","0.0029340735636651516","0.0029340735636651516","0.0029340735636651516"
"108","0.0020150833297520876","0.0020150833297520876","0.0020150833297520876","0.0026156033854931593","0.0026156033854931593","0.0026156033854931593","0.0029413586016744375","0.0029413586016744375","0.0029413586016744375"
"109","0.0020892051979899406","0.0020892051979899406","0.0020892051979899406","0.002581736771389842","0.002581736771389842","0.002581736771389842","0.003263161750510335","0.003263161750510335","0.003263161750510335"
"110","0.0018538763979449868","0.0018538763979449868","0.0018538763979449868","0.0028454423882067204","0.0028454423882067204","0.0028454423882067204","0.002763523953035474","0.002763523953035474","0.002763523953035474"
"111","0.0025886930525302887","0.0025886930525302887","0.0025886930525302887","0.0023803499061614275","0.0023803499061614275","0.0023803499061614275","0.0023361174389719963","0.0023361174389719963","0.0023361174389719963"
"112","0.0022714314982295036","0.0022714314982295036","0.0022714314982295036","0.0023157333489507437","0.0023157333489507437","0.0023157333489507437","0.0023564689327031374","0.0023564689327031374","0.0023564689327031374"
"113","0.0018730679294094443","0.0018730679294094443","0.0018730679294094443","0.0027812907937914133","0.0027812907937914133","0.0027812907937914133","0.0028391764499247074","0.0028391764499247074","0.0028391764499247074"
"114","0.002217361470684409","0.002217361470684409","0.002217361470684409","0.002271858975291252","0.002271858975291252","0.002271858975291252","0.0024282028898596764","0.0024282028898596764","0.0024282028898596764"
"115","0.0017271647229790688","0.0017271647229790688","0.0017271647229790688","0.0024167608935385942","0.0024167608935385942","0.0024167608935385942","0.002901072846725583","0.002901072846725583","0.002901072846725583"
"116","0.0018152071861550212","0.0018152071861550212","0.0018152071861550212","0.0027221457567065954","0.0027221457567065954","0.0027221457567065954","0.0027209054678678513","0.0027209054678678513","0.0027209054678678513"
"117","0.0017987077590078115","0.0017987077590078115","0.0017987077590078115","0.002958674682304263","0.002958674682304263","0.002958674682304263","0.002909891540184617","0.002909891540184617","0.002909891540184617"
"118","0.0021768396254628897","0.0021768396254628897","0.0021768396254628897","0.002943824278190732","0.002943824278190732","0.002943824278190732","0.00261920434422791","0.00261920434422791","0.00261920434422791"
"119","0.0017616944387555122","0.0017616944387555122","0.0017616944387555122","0.0023915015626698732","0.0023915015626698732","0.0023915015626698732","0.0022456946317106485","0.0022456946317106485","0.0022456946317106485"
"120","0.0018499118741601706","0.0018499118741601706","0.0018499118741601706","0.003077875589951873","0.003077875589951873","0.003077875589951873","0.002502844901755452","0.002502844901755452","0.002502844901755452"
"121","0.002071227878332138","0.002071227878332138","0.002071227878332138","0.002986277686432004","0.002986277686432004","0.002986277686432004","0.002738602226600051","0.002738602226600051","0.002738602226600051"
"122","0.001873228931799531","0.001873228931799531","0.001873228931799531","0.002477428875863552","0.002477428875863552","0.002477428875863552","0.002732195658609271","0.002732195658609271","0.002732195658609271"
"123","0.0019444714998826385","0.0019444714998826385","0.0019444714998826385","0.0029560131952166557","0.0029560131952166557","0.0029560131952166557","0.0030383707489818335","0.0030383707489818335","0.0030383707489818335"
"124","0.0021734528709203005","0.0021734528709203005","0.0021734528709203005","0.003067821729928255","0.003067821729928255","0.003067821729928255","0.0027370688039809465","0.0027370688039809465","0.0027370688039809465"
"125","0.0016807529609650373","0.0016807529609650373","0.0016807529609650373","0.0031321230344474316","0.0031321230344474316","0.0031321230344474316","0.0027956836856901646","0.0027956836856901646","0.0027956836856901646"
"126","0.002042473992332816","0.002042473992332816","0.002042473992332816","0.001954511972144246","0.001954511972144246","0.001954511972144246","0.0028420051094144583","0.0028420051094144583","0.0028420051094144583"
"127","0.002008409472182393","0.002008409472182393","0.002008409472182393","0.002608302515000105","0.002608302515000105","0.002608302515000105","0.0028115122113376856","0.0028115122113376856","0.0028115122113376856"
"128","0.0020767610985785723","0.0020767610985785723","0.0020767610985785723","0.0022931392304599285","0.0022931392304599285","0.0022931392304599285","0.002471927087754011","0.002471927087754011","0.002471927087754011"
"129","0.001563513302244246","0.001563513302244246","0.001563513302244246","0.0022502397187054157","0.0022502397187054157","0.0022502397187054157","0.0029420030768960714","0.0029420030768960714","0.0029420030768960714"
"130","0.0018427892355248332","0.0018427892355248332","0.0018427892355248332","0.0025668363086879253","0.0025668363086879253","0.0025668363086879253","0.0027073142118752003","0.0027073142118752003","0.0027073142118752003"
"131","0.0023571804631501436","0.0023571804631501436","0.0023571804631501436","0.002450416097417474","0.002450416097417474","0.002450416097417474","0.002655357588082552","0.002655357588082552","0.002655357588082552"
"132","0.0022579822689294815","0.0022579822689294815","0.0022579822689294815","0.002519032685086131","0.002519032685086131","0.002519032685086131","0.002539445413276553","0.002539445413276553","0.002539445413276553"
"133","0.001982515910640359","0.001982515910640359","0.001982515910640359","0.0023234840482473373","0.0023234840482473373","0.0023234840482473373","0.002439715899527073","0.002439715899527073","0.002439715899527073"
"134","0.002012827666476369","0.002012827666476369","0.002012827666476369","0.0028998027555644512","0.0028998027555644512","0.0028998027555644512","0.002241680398583412","0.002241680398583412","0.002241680398583412"
"135","0.002152106026187539","0.002152106026187539","0.002152106026187539","0.0031845076009631157","0.0031845076009631157","0.0031845076009631157","0.0023458036594092846","0.0023458036594092846","0.0023458036594092846"
"136","0.0017590292263776064","0.0017590292263776064","0.0017590292263776064","0.0031382148154079914","0.0031382148154079914","0.0031382148154079914","0.002652645343914628","0.002652645343914628","0.002652645343914628"
"137","0.0023758721072226763","0.0023758721072226763","0.0023758721072226763","0.0028074136935174465","0.0028074136935174465","0.0028074136935174465","0.002607781207188964","0.002607781207188964","0.002607781207188964"
"138","0.0017929585883393884","0.0017929585883393884","0.0017929585883393884","0.0027702448423951864","0.0027702448423951864","0.0027702448423951864","0.002974733943119645","0.002974733943119645","0.002974733943119645"
"139","0.0015250358264893293","0.0015250358264893293","0.0015250358264893293","0.002538889879360795","0.002538889879360795","0.002538889879360795","0.0026072689797729254","0.0026072689797729254","0.0026072689797729254"
"140","0.0024004289880394936","0.0024004289880394936","0.0024004289880394936","0.002898500533774495","0.002898500533774495","0.002898500533774495","0.0025881773326545954","0.0025881773326545954","0.0025881773326545954"
"141","0.0022624556440860033","0.0022624556440860033","0.0022624556440860033","0.002436869777739048","0.002436869777739048","0.002436869777739048","0.0027043349109590054","0.0027043349109590054","0.0027043349109590054"
"142","0.0016441006446257234","0.0016441006446257234","0.0016441006446257234","0.0022946265526115894","0.0022946265526115894","0.0022946265526115894","0.002537558786571026","0.002537558786571026","0.002537558786571026"
"143","0.0022562462836503983","0.0022562462836503983","0.0022562462836503983","0.0027510859072208405","0.0027510859072208405","0.0027510859072208405","0.0025711203925311565","0.0025711203925311565","0.0025711203925311565"
"144","0.0019486263627186418","0.0019486263627186418","0.0019486263627186418","0.002702512312680483","0.002702512312680483","0.002702512312680483","0.002847803058102727","0.002847803058102727","0.002847803058102727"
"145","0.002086728112772107","0.002086728112772107","0.002086728112772107","0.002228556200861931","0.002228556200861931","0.002228556200861931","0.0020076422952115536","0.0020076422952115536","0.0020076422952115536"
"146","0.0020800342317670584","0.0020800342317670584","0.0020800342317670584","0.0025930479168891907","0.0025930479168891907","0.0025930479168891907","0.0025665434077382088","0.0025665434077382088","0.0025665434077382088"
"147","0.0022905359510332346","0.0022905359510332346","0.0022905359510332346","0.0023695044219493866","0.0023695044219493866","0.0023695044219493866","0.002108091488480568","0.002108091488480568","0.002108091488480568"
"148","0.002093937247991562","0.002093937247991562","0.002093937247991562","0.002788919722661376","0.002788919722661376","0.002788919722661376","0.0023341297637671232","0.0023341297637671232","0.0023341297637671232"
"149","0.0021478054113686085","0.0021478054113686085","0.0021478054113686085","0.002636541612446308","0.002636541612446308","0.002636541612446308","0.003048724727705121","0.003048724727705121","0.003048724727705121"
"150","0.0019200392998754978","0.0019200392998754978","0.0019200392998754978","0.002304980531334877","0.002304980531334877","0.002304980531334877","0.0030303073581308126","0.0030303073581308126","0.0030303073581308126"
"151","0.0016440633917227387","0.0016440633917227387","0.0016440633917227387","0.0023962196428328753","0.0023962196428328753","0.0023962196428328753","0.0020921770483255386","0.0020921770483255386","0.0020921770483255386"
"152","0.00201907055452466","0.00201907055452466","0.00201907055452466","0.00270397518761456","0.00270397518761456","0.00270397518761456","0.0023251764941960573","0.0023251764941960573","0.0023251764941960573"
"153","0.0019449465908110142","0.0019449465908110142","0.0019449465908110142","0.0029696794226765633","0.0029696794226765633","0.0029696794226765633","0.002814789768308401","0.002814789768308401","0.002814789768308401"
"154","0.001847217557951808","0.001847217557951808","0.001847217557951808","0.0024571544490754604","0.0024571544490754604","0.0024571544490754604","0.0024938734713941813","0.0024938734713941813","0.0024938734713941813"
"155","0.0017141419230028987","0.0017141419230028987","0.0017141419230028987","0.0020806887187063694","0.0020806887187063694","0.0020806887187063694","0.0025204457342624664","0.0025204457342624664","0.0025204457342624664"
"156","0.001961990026757121","0.001961990026757121","0.001961990026757121","0.002324717817828059","0.002324717817828059","0.002324717817828059","0.002870941301807761","0.002870941301807761","0.002870941301807761"
"157","0.0016864717472344637","0.0016864717472344637","0.0016864717472344637","0.002644437365233898","0.002644437365233898","0.002644437365233898","0.002609474118798971","0.002609474118798971","0.002609474118798971"
"158","0.001851889188401401","0.001851889188401401","0.001851889188401401","0.0025363194290548563","0.0025363194290548563","0.0025363194290548563","0.0029053466860204935","0.0029053466860204935","0.0029053466860204935"
"159","0.0019320434657856822","0.0019320434657856822","0.0019320434657856822","0.003302144119516015","0.003302144119516015","0.003302144119516015","0.00237440038472414","0.00237440038472414","0.00237440038472414"
"160","0.0014101903652772307","0.0014101903652772307","0.0014101903652772307","0.002598568331450224","0.002598568331450224","0.002598568331450224","0.002495343564078212","0.002495343564078212","0.002495343564078212"
"161","0.0020614834502339363","0.0020614834502339363","0.0020614834502339363","0.002226225333288312","0.002226225333288312","0.002226225333288312","0.002395443618297577","0.002395443618297577","0.002395443618297577"
"162","0.0016864269273355603","0.0016864269273355603","0.0016864269273355603","0.0022629268933087587","0.0022629268933087587","0.0022629268933087587","0.0021654325537383556","0.0021654325537383556","0.0021654325537383556"
"163","0.0018206206150352955","0.0018206206150352955","0.0018206206150352955","0.0022196443751454353","0.0022196443751454353","0.0022196443751454353","0.0025712582282721996","0.0025712582282721996","0.0025712582282721996"
"164","0.0018318179063498974","0.0018318179063498974","0.0018318179063498974","0.0027086271438747644","0.0027086271438747644","0.0027086271438747644","0.002684295643121004","0.002684295643121004","0.002684295643121004"
"165","0.0022197237703949213","0.0022197237703949213","0.0022197237703949213","0.002544286660850048","0.002544286660850048","0.002544286660850048","0.00241844798438251","0.00241844798438251","0.00241844798438251"
"166","0.0021799488458782434","0.0021799488458782434","0.0021799488458782434","0.0023409510031342506","0.0023409510031342506","0.0023409510031342506","0.0025245724245905876","0.0025245724245905876","0.0025245724245905876"
"167","0.0021624036598950624","0.0021624036598950624","0.0021624036598950624","0.0023442169185727835","0.0023442169185727835","0.0023442169185727835","0.0027423077262938023","0.0027423077262938023","0.0027423077262938023"
"168","0.002144002355635166","0.002144002355635166","0.002144002355635166","0.0022285128943622112","0.0022285128943622112","0.0022285128943622112","0.0029310176614671946","0.0029310176614671946","0.0029310176614671946"
"169","0.0018471896182745695","0.0018471896182745695","0.0018471896182745695","0.0027020745910704136","0.0027020745910704136","0.0027020745910704136","0.002553545171394944","0.002553545171394944","0.002553545171394944"
"170","0.0023021141532808542","0.0023021141532808542","0.0023021141532808542","0.0024579549208283424","0.0024579549208283424","0.0024579549208283424","0.0027536749839782715","0.0027536749839782715","0.0027536749839782715"
"171","0.001440584659576416","0.001440584659576416","0.001440584659576416","0.0022543135564774275","0.0022543135564774275","0.0022543135564774275","0.0017781491624191403","0.0017781491624191403","0.0017781491624191403"
"172","0.0015112769324332476","0.0015112769324332476","0.0015112769324332476","0.0028427797369658947","0.0028427797369658947","0.0028427797369658947","0.0023949795868247747","0.0023949795868247747","0.0023949795868247747"
"173","0.0020190353970974684","0.0020190353970974684","0.0020190353970974684","0.0027975421398878098","0.0027975421398878098","0.0027975421398878098","0.0024885735474526882","0.0024885735474526882","0.0024885735474526882"
"174","0.0021794193889945745","0.0021794193889945745","0.0021794193889945745","0.0023704327177256346","0.0023704327177256346","0.0023704327177256346","0.0022347206249833107","0.0022347206249833107","0.0022347206249833107"
"175","0.001798425568267703","0.001798425568267703","0.001798425568267703","0.0025196606293320656","0.0025196606293320656","0.0025196606293320656","0.0025432948023080826","0.0025432948023080826","0.0025432948023080826"
"176","0.0016140287043526769","0.0016140287043526769","0.0016140287043526769","0.0023247837089002132","0.0023247837089002132","0.0023247837089002132","0.002752288244664669","0.002752288244664669","0.002752288244664669"
"177","0.002143444260582328","0.002143444260582328","0.002143444260582328","0.00276991561986506","0.00276991561986506","0.00276991561986506","0.0022620651870965958","0.0022620651870965958","0.0022620651870965958"
"178","0.0020177678670734167","0.0020177678670734167","0.0020177678670734167","0.0025133087765425444","0.0025133087765425444","0.0025133087765425444","0.002773008309304714","0.002773008309304714","0.002773008309304714"
"179","0.002373291412368417","0.002373291412368417","0.002373291412368417","0.0022120329085737467","0.0022120329085737467","0.0022120329085737467","0.002329253824427724","0.002329253824427724","0.002329253824427724"
"180","0.002257958520203829","0.002257958520203829","0.002257958520203829","0.0022411036770790815","0.0022411036770790815","0.0022411036770790815","0.0026453393511474133","0.0026453393511474133","0.0026453393511474133"
"181","0.0020569884218275547","0.0020569884218275547","0.0020569884218275547","0.002619275124743581","0.002619275124743581","0.002619275124743581","0.00259004975669086","0.00259004975669086","0.00259004975669086"
"182","0.001994531601667404","0.001994531601667404","0.001994531601667404","0.002784167416393757","0.002784167416393757","0.002784167416393757","0.0023294100537896156","0.0023294100537896156","0.0023294100537896156"
"183","0.0017979108961299062","0.0017979108961299062","0.0017979108961299062","0.0028324986342340708","0.0028324986342340708","0.0028324986342340708","0.002150951651856303","0.002150951651856303","0.002150951651856303"
"184","0.0019990482833236456","0.0019990482833236456","0.0019990482833236456","0.0024525749031454325","0.0024525749031454325","0.0024525749031454325","0.002111697569489479","0.002111697569489479","0.002111697569489479"
"185","0.0022277517709881067","0.0022277517709881067","0.0022277517709881067","0.001961115747690201","0.001961115747690201","0.001961115747690201","0.002345744287595153","0.002345744287595153","0.002345744287595153"
"186","0.0019658063538372517","0.0019658063538372517","0.0019658063538372517","0.002518637338653207","0.002518637338653207","0.002518637338653207","0.002234075916931033","0.002234075916931033","0.002234075916931033"
"187","0.0017835777252912521","0.0017835777252912521","0.0017835777252912521","0.0026501391548663378","0.0026501391548663378","0.0026501391548663378","0.002225529635325074","0.002225529635325074","0.002225529635325074"
"188","0.0020585961174219847","0.0020585961174219847","0.0020585961174219847","0.0022305345628410578","0.0022305345628410578","0.0022305345628410578","0.0026237904094159603","0.0026237904094159603","0.0026237904094159603"
"189","0.0016681681154295802","0.0016681681154295802","0.0016681681154295802","0.0027248335536569357","0.0027248335536569357","0.0027248335536569357","0.002691147616133094","0.002691147616133094","0.002691147616133094"
"190","0.001751108793541789","0.001751108793541789","0.001751108793541789","0.0023510989267379045","0.0023510989267379045","0.0023510989267379045","0.002694041235372424","0.002694041235372424","0.002694041235372424"
"191","0.001785911270417273","0.001785911270417273","0.001785911270417273","0.002106571802869439","0.002106571802869439","0.002106571802869439","0.0023428366985172033","0.0023428366985172033","0.0023428366985172033"
"192","0.002299624728038907","0.002299624728038907","0.002299624728038907","0.0028217157814651728","0.0028217157814651728","0.0028217157814651728","0.0024068027269095182","0.0024068027269095182","0.0024068027269095182"
"193","0.0018019542330875993","0.0018019542330875993","0.0018019542330875993","0.0028630299493670464","0.0028630299493670464","0.0028630299493670464","0.0023607932962477207","0.0023607932962477207","0.0023607932962477207"
"194","0.001743150525726378","0.001743150525726378","0.001743150525726378","0.0021826152224093676","0.0021826152224093676","0.0021826152224093676","0.002241108799353242","0.002241108799353242","0.002241108799353242"
"195","0.0020794484298676252","0.0020794484298676252","0.0020794484298676252","0.002306463196873665","0.002306463196873665","0.002306463196873665","0.0022419258020818233","0.0022419258020818233","0.0022419258020818233"
"196","0.0017824505921453238","0.0017824505921453238","0.0017824505921453238","0.0021902762819081545","0.0021902762819081545","0.0021902762819081545","0.0020211017690598965","0.0020211017690598965","0.0020211017690598965"
"197","0.0016147628193721175","0.0016147628193721175","0.0016147628193721175","0.0019815636333078146","0.0019815636333078146","0.0019815636333078146","0.002046948531642556","0.002046948531642556","0.002046948531642556"
"198","0.0019334778189659119","0.0019334778189659119","0.0019334778189659119","0.0019914619624614716","0.0019914619624614716","0.0019914619624614716","0.0022990875877439976","0.0022990875877439976","0.0022990875877439976"
"199","0.001584598794579506","0.001584598794579506","0.001584598794579506","0.0026813324075192213","0.0026813324075192213","0.0026813324075192213","0.0025847069919109344","0.0025847069919109344","0.0025847069919109344"
"200","0.0017619964201003313","0.0017619964201003313","0.0017619964201003313","0.0018782004481181502","0.0018782004481181502","0.0018782004481181502","0.0021089452784508467","0.0021089452784508467","0.0021089452784508467"
"201","0.002110178815200925","0.002110178815200925","0.002110178815200925","0.0028233875054866076","0.0028233875054866076","0.0028233875054866076","0.002378596691414714","0.002378596691414714","0.002378596691414714"
"202","0.00243312562815845","0.00243312562815845","0.00243312562815845","0.002641012892127037","0.002641012892127037","0.002641012892127037","0.0024139806628227234","0.0024139806628227234","0.0024139806628227234"
"203","0.001841291319578886","0.001841291319578886","0.001841291319578886","0.0021250240970402956","0.0021250240970402956","0.0021250240970402956","0.0019246762385591865","0.0019246762385591865","0.0019246762385591865"
"204","0.0016280792187899351","0.0016280792187899351","0.0016280792187899351","0.002439225558191538","0.002439225558191538","0.002439225558191538","0.0022418550215661526","0.0022418550215661526","0.0022418550215661526"
"205","0.001603718614205718","0.001603718614205718","0.001603718614205718","0.002209870843216777","0.002209870843216777","0.002209870843216777","0.0026978659443557262","0.0026978659443557262","0.0026978659443557262"
"206","0.0020825560204684734","0.0020825560204684734","0.0020825560204684734","0.002499822760000825","0.002499822760000825","0.002499822760000825","0.001929468591697514","0.001929468591697514","0.001929468591697514"
"207","0.0019395604031160474","0.0019395604031160474","0.0019395604031160474","0.0020813853479921818","0.0020813853479921818","0.0020813853479921818","0.0019028232200071216","0.0019028232200071216","0.0019028232200071216"
"208","0.0018872477812692523","0.0018872477812692523","0.0018872477812692523","0.0030462772119790316","0.0030462772119790316","0.0030462772119790316","0.001959101064130664","0.001959101064130664","0.001959101064130664"
"209","0.0016026488738134503","0.0016026488738134503","0.0016026488738134503","0.0021273414604365826","0.0021273414604365826","0.0021273414604365826","0.002116194926202297","0.002116194926202297","0.002116194926202297"
"210","0.0018372491467744112","0.0018372491467744112","0.0018372491467744112","0.002347745466977358","0.002347745466977358","0.002347745466977358","0.002560042543336749","0.002560042543336749","0.002560042543336749"
"211","0.0016797835705801845","0.0016797835705801845","0.0016797835705801845","0.002514665247872472","0.002514665247872472","0.002514665247872472","0.002459014067426324","0.002459014067426324","0.002459014067426324"
"212","0.0019001882756128907","0.0019001882756128907","0.0019001882756128907","0.0027978348080068827","0.0027978348080068827","0.0027978348080068827","0.0022809843067079782","0.0022809843067079782","0.0022809843067079782"
"213","0.0018673205049708486","0.0018673205049708486","0.0018673205049708486","0.002712154295295477","0.002712154295295477","0.002712154295295477","0.0016794635448604822","0.0016794635448604822","0.0016794635448604822"
"214","0.0013799434527754784","0.0013799434527754784","0.0013799434527754784","0.0021675839088857174","0.0021675839088857174","0.0021675839088857174","0.002205580472946167","0.002205580472946167","0.002205580472946167"
"215","0.0022904672659933567","0.0022904672659933567","0.0022904672659933567","0.0029372242279350758","0.0029372242279350758","0.0029372242279350758","0.0025271563790738583","0.0025271563790738583","0.0025271563790738583"
"216","0.001422349945642054","0.001422349945642054","0.001422349945642054","0.0021145581267774105","0.0021145581267774105","0.0021145581267774105","0.0019230430480092764","0.0019230430480092764","0.0019230430480092764"
"217","0.0019329602364450693","0.0019329602364450693","0.0019329602364450693","0.002494261134415865","0.002494261134415865","0.002494261134415865","0.0020241308957338333","0.0020241308957338333","0.0020241308957338333"
"218","0.0019404992926865816","0.0019404992926865816","0.0019404992926865816","0.0023587557952851057","0.0023587557952851057","0.0023587557952851057","0.0023514260537922382","0.0023514260537922382","0.0023514260537922382"
"219","0.0017189622158184648","0.0017189622158184648","0.0017189622158184648","0.0026744618080556393","0.0026744618080556393","0.0026744618080556393","0.002402988262474537","0.002402988262474537","0.002402988262474537"
"220","0.0017111623892560601","0.0017111623892560601","0.0017111623892560601","0.001885162782855332","0.001885162782855332","0.001885162782855332","0.002230447018519044","0.002230447018519044","0.002230447018519044"
"221","0.0018647664692252874","0.0018647664692252874","0.0018647664692252874","0.00252196635119617","0.00252196635119617","0.00252196635119617","0.0020206451881676912","0.0020206451881676912","0.0020206451881676912"
"222","0.0022341711446642876","0.0022341711446642876","0.0022341711446642876","0.002240957925096154","0.002240957925096154","0.002240957925096154","0.0025535752065479755","0.0025535752065479755","0.0025535752065479755"
"223","0.002147213090211153","0.002147213090211153","0.002147213090211153","0.0021082861348986626","0.0021082861348986626","0.0021082861348986626","0.0017817980842664838","0.0017817980842664838","0.0017817980842664838"
"224","0.0018771910108625889","0.0018771910108625889","0.0018771910108625889","0.002587726339697838","0.002587726339697838","0.002587726339697838","0.0021921915467828512","0.0021921915467828512","0.0021921915467828512"
"225","0.001932795625180006","0.001932795625180006","0.001932795625180006","0.0023888875730335712","0.0023888875730335712","0.0023888875730335712","0.0020315286237746477","0.0020315286237746477","0.0020315286237746477"
"226","0.00190218654461205","0.00190218654461205","0.00190218654461205","0.001991002354770899","0.001991002354770899","0.001991002354770899","0.0024167869705706835","0.0024167869705706835","0.0024167869705706835"
"227","0.0017295422730967402","0.0017295422730967402","0.0017295422730967402","0.0022226942237466574","0.0022226942237466574","0.0022226942237466574","0.001759338192641735","0.001759338192641735","0.001759338192641735"
"228","0.0016155035700649023","0.0016155035700649023","0.0016155035700649023","0.002372927498072386","0.002372927498072386","0.002372927498072386","0.002289209747686982","0.002289209747686982","0.002289209747686982"
"229","0.0020186197943985462","0.0020186197943985462","0.0020186197943985462","0.001959218643605709","0.001959218643605709","0.001959218643605709","0.002627207664772868","0.002627207664772868","0.002627207664772868"
"230","0.0017554702935740352","0.0017554702935740352","0.0017554702935740352","0.0025481064803898335","0.0025481064803898335","0.0025481064803898335","0.002281212480738759","0.002281212480738759","0.002281212480738759"
"231","0.001722468063235283","0.001722468063235283","0.001722468063235283","0.002695158589631319","0.002695158589631319","0.002695158589631319","0.002082542749121785","0.002082542749121785","0.002082542749121785"
"232","0.002110531320795417","0.002110531320795417","0.002110531320795417","0.0019833161495625973","0.0019833161495625973","0.0019833161495625973","0.001965563278645277","0.001965563278645277","0.001965563278645277"
"233","0.0020283323246985674","0.0020283323246985674","0.0020283323246985674","0.002457421738654375","0.002457421738654375","0.002457421738654375","0.002458978909999132","0.002458978909999132","0.002458978909999132"
"234","0.0018460593419149518","0.0018460593419149518","0.0018460593419149518","0.002032583812251687","0.002032583812251687","0.002032583812251687","0.0018169735558331013","0.0018169735558331013","0.0018169735558331013"
"235","0.0018070543883368373","0.0018070543883368373","0.0018070543883368373","0.0022824187763035297","0.0022824187763035297","0.0022824187763035297","0.0021931829396635294","0.0021931829396635294","0.0021931829396635294"
"236","0.0018327062716707587","0.0018327062716707587","0.0018327062716707587","0.002339351689442992","0.002339351689442992","0.002339351689442992","0.002566750394180417","0.002566750394180417","0.002566750394180417"
"237","0.0020859893411397934","0.0020859893411397934","0.0020859893411397934","0.002670490648597479","0.002670490648597479","0.002670490648597479","0.0022173915058374405","0.0022173915058374405","0.0022173915058374405"
"238","0.002059751423075795","0.002059751423075795","0.002059751423075795","0.002232014201581478","0.002232014201581478","0.002232014201581478","0.00235545146279037","0.00235545146279037","0.00235545146279037"
"239","0.002001137938350439","0.002001137938350439","0.002001137938350439","0.002381677273660898","0.002381677273660898","0.002381677273660898","0.0022708543110638857","0.0022708543110638857","0.0022708543110638857"
"240","0.0022195831406861544","0.0022195831406861544","0.0022195831406861544","0.0021429681219160557","0.0021429681219160557","0.0021429681219160557","0.0022603163961321115","0.0022603163961321115","0.0022603163961321115"
"241","0.0018152309348806739","0.0018152309348806739","0.0018152309348806739","0.0024593619164079428","0.0024593619164079428","0.0024593619164079428","0.0022246581502258778","0.0022246581502258778","0.0022246581502258778"
"242","0.0017701461911201477","0.0017701461911201477","0.0017701461911201477","0.002465236932039261","0.002465236932039261","0.002465236932039261","0.002347125206142664","0.002347125206142664","0.002347125206142664"
"243","0.0015737509820610285","0.0015737509820610285","0.0015737509820610285","0.0027667293325066566","0.0027667293325066566","0.0027667293325066566","0.0021050036884844303","0.0021050036884844303","0.0021050036884844303"
"244","0.0016131136799231172","0.0016131136799231172","0.0016131136799231172","0.0019660256803035736","0.0019660256803035736","0.0019660256803035736","0.0018698748899623752","0.0018698748899623752","0.0018698748899623752"
"245","0.0016676981467753649","0.0016676981467753649","0.0016676981467753649","0.001911486149765551","0.001911486149765551","0.001911486149765551","0.0022660186514258385","0.0022660186514258385","0.0022660186514258385"
"246","0.0015924314502626657","0.0015924314502626657","0.0015924314502626657","0.0023438676726073027","0.0023438676726073027","0.0023438676726073027","0.0021225684322416782","0.0021225684322416782","0.0021225684322416782"
"247","0.0017954061040654778","0.0017954061040654778","0.0017954061040654778","0.0017370819114148617","0.0017370819114148617","0.0017370819114148617","0.0022112377919256687","0.0022112377919256687","0.0022112377919256687"
"248","0.0015449580969288945","0.0015449580969288945","0.0015449580969288945","0.0025530473794788122","0.0025530473794788122","0.0025530473794788122","0.002150844084098935","0.002150844084098935","0.002150844084098935"
"249","0.0014983233995735645","0.0014983233995735645","0.0014983233995735645","0.002074905438348651","0.002074905438348651","0.002074905438348651","0.0016433845739811659","0.0016433845739811659","0.0016433845739811659"
"250","0.0013429136015474796","0.0013429136015474796","0.0013429136015474796","0.0027043037116527557","0.0027043037116527557","0.0027043037116527557","0.002272158395498991","0.002272158395498991","0.002272158395498991"
"251","0.0017893544863909483","0.0017893544863909483","0.0017893544863909483","0.002451024716719985","0.002451024716719985","0.002451024716719985","0.0018741184612736106","0.0018741184612736106","0.0018741184612736106"
"252","0.0015687994891777635","0.0015687994891777635","0.0015687994891777635","0.002031529089435935","0.002031529089435935","0.002031529089435935","0.002435948932543397","0.002435948932543397","0.002435948932543397"
"253","0.002132853027433157","0.002132853027433157","0.002132853027433157","0.002295984420925379","0.002295984420925379","0.002295984420925379","0.002272255951538682","0.002272255951538682","0.002272255951538682"
"254","0.001451588235795498","0.001451588235795498","0.001451588235795498","0.0020179161801934242","0.0020179161801934242","0.0020179161801934242","0.002783367643132806","0.002783367643132806","0.002783367643132806"
"255","0.0019395676208660007","0.0019395676208660007","0.0019395676208660007","0.002181584946811199","0.002181584946811199","0.002181584946811199","0.002498900517821312","0.002498900517821312","0.002498900517821312"
"256","0.001276178634725511","0.001276178634725511","0.001276178634725511","0.0022049429826438427","0.0022049429826438427","0.0022049429826438427","0.002646230859681964","0.002646230859681964","0.002646230859681964"
"257","0.0018860888667404652","0.0018860888667404652","0.0018860888667404652","0.0018103319453075528","0.0018103319453075528","0.0018103319453075528","0.0021988365333527327","0.0021988365333527327","0.0021988365333527327"
"258","0.0018957157153636217","0.0018957157153636217","0.0018957157153636217","0.0026148706674575806","0.0026148706674575806","0.0026148706674575806","0.002483959076926112","0.002483959076926112","0.002483959076926112"
"259","0.0016389846568927169","0.0016389846568927169","0.0016389846568927169","0.003154206555336714","0.003154206555336714","0.003154206555336714","0.0019411311950534582","0.0019411311950534582","0.0019411311950534582"
"260","0.0019787040073424578","0.0019787040073424578","0.0019787040073424578","0.0022175463382154703","0.0022175463382154703","0.0022175463382154703","0.0024581982288509607","0.0024581982288509607","0.0024581982288509607"
"261","0.002041666768491268","0.002041666768491268","0.002041666768491268","0.0019602018874138594","0.0019602018874138594","0.0019602018874138594","0.0025753946974873543","0.0025753946974873543","0.0025753946974873543"
"262","0.0017745841760188341","0.0017745841760188341","0.0017745841760188341","0.0021990390960127115","0.0021990390960127115","0.0021990390960127115","0.0027269176207482815","0.0027269176207482815","0.0027269176207482815"
"263","0.0014883261173963547","0.0014883261173963547","0.0014883261173963547","0.002313814591616392","0.002313814591616392","0.002313814591616392","0.002410421846434474","0.002410421846434474","0.002410421846434474"
"264","0.0017008945578709245","0.0017008945578709245","0.0017008945578709245","0.002149345353245735","0.002149345353245735","0.002149345353245735","0.0020792498253285885","0.0020792498253285885","0.0020792498253285885"
"265","0.0016677763778716326","0.0016677763778716326","0.0016677763778716326","0.002078021178022027","0.002078021178022027","0.002078021178022027","0.0020345093216747046","0.0020345093216747046","0.0020345093216747046"
"266","0.001730430987663567","0.001730430987663567","0.001730430987663567","0.0025386586785316467","0.0025386586785316467","0.0025386586785316467","0.0018551434623077512","0.0018551434623077512","0.0018551434623077512"
"267","0.0013307664776220918","0.0013307664776220918","0.0013307664776220918","0.0026132159400731325","0.0026132159400731325","0.0026132159400731325","0.001976100727915764","0.001976100727915764","0.001976100727915764"
"268","0.001579636475071311","0.001579636475071311","0.001579636475071311","0.0020085866563022137","0.0020085866563022137","0.0020085866563022137","0.001956038409844041","0.001956038409844041","0.001956038409844041"
"269","0.0017927850130945444","0.0017927850130945444","0.0017927850130945444","0.002629767404869199","0.002629767404869199","0.002629767404869199","0.0019524946110323071","0.0019524946110323071","0.0019524946110323071"
"270","0.001662448630668223","0.001662448630668223","0.001662448630668223","0.002406916581094265","0.002406916581094265","0.002406916581094265","0.0022705497685819864","0.0022705497685819864","0.0022705497685819864"
"271","0.0020268927328288555","0.0020268927328288555","0.0020268927328288555","0.0028613009490072727","0.0028613009490072727","0.0028613009490072727","0.002002774504944682","0.002002774504944682","0.002002774504944682"
"272","0.0013784663751721382","0.0013784663751721382","0.0013784663751721382","0.0018386330921202898","0.0018386330921202898","0.0018386330921202898","0.0018277495400980115","0.0018277495400980115","0.0018277495400980115"
"273","0.002020864747464657","0.002020864747464657","0.002020864747464657","0.001863383804447949","0.001863383804447949","0.001863383804447949","0.0021059925202280283","0.0021059925202280283","0.0021059925202280283"
"274","0.0014893332263454795","0.0014893332263454795","0.0014893332263454795","0.0020225802436470985","0.0020225802436470985","0.0020225802436470985","0.002019381383433938","0.002019381383433938","0.002019381383433938"
"275","0.0016507452819496393","0.0016507452819496393","0.0016507452819496393","0.0018330152379348874","0.0018330152379348874","0.0018330152379348874","0.0021291475277394056","0.0021291475277394056","0.0021291475277394056"
"276","0.0025377862621098757","0.0025377862621098757","0.0025377862621098757","0.002612267853692174","0.002612267853692174","0.002612267853692174","0.0018974203849211335","0.0018974203849211335","0.0018974203849211335"
"277","0.0015059099532663822","0.0015059099532663822","0.0015059099532663822","0.0019137260969728231","0.0019137260969728231","0.0019137260969728231","0.002480953000485897","0.002480953000485897","0.002480953000485897"
"278","0.001737371669150889","0.001737371669150889","0.001737371669150889","0.0020834028255194426","0.0020834028255194426","0.0020834028255194426","0.0019200461683794856","0.0019200461683794856","0.0019200461683794856"
"279","0.0021400421392172575","0.0021400421392172575","0.0021400421392172575","0.0021659466437995434","0.0021659466437995434","0.0021659466437995434","0.0020000305958092213","0.0020000305958092213","0.0020000305958092213"
"280","0.0014666698407381773","0.0014666698407381773","0.0014666698407381773","0.0026002058293670416","0.0026002058293670416","0.0026002058293670416","0.001915076863951981","0.001915076863951981","0.001915076863951981"
"281","0.0019950857385993004","0.0019950857385993004","0.0019950857385993004","0.001970841782167554","0.001970841782167554","0.001970841782167554","0.0022844707127660513","0.0022844707127660513","0.0022844707127660513"
"282","0.002042297972366214","0.002042297972366214","0.002042297972366214","0.0024997247382998466","0.0024997247382998466","0.0024997247382998466","0.002112693153321743","0.002112693153321743","0.002112693153321743"
"283","0.001885729725472629","0.001885729725472629","0.001885729725472629","0.00202038767747581","0.00202038767747581","0.00202038767747581","0.0018215279560536146","0.0018215279560536146","0.0018215279560536146"
"284","0.001593303051777184","0.001593303051777184","0.001593303051777184","0.001965790521353483","0.001965790521353483","0.001965790521353483","0.0020250834058970213","0.0020250834058970213","0.0020250834058970213"
"285","0.002327191876247525","0.002327191876247525","0.002327191876247525","0.0018343382980674505","0.0018343382980674505","0.0018343382980674505","0.002069599460810423","0.002069599460810423","0.002069599460810423"
"286","0.0016725313616916537","0.0016725313616916537","0.0016725313616916537","0.002350739436224103","0.002350739436224103","0.002350739436224103","0.0017876730998978019","0.0017876730998978019","0.0017876730998978019"
"287","0.0015547021757811308","0.0015547021757811308","0.0015547021757811308","0.002619739854708314","0.002619739854708314","0.002619739854708314","0.0017260778695344925","0.0017260778695344925","0.0017260778695344925"
"288","0.0017272995319217443","0.0017272995319217443","0.0017272995319217443","0.0025284115690737963","0.0025284115690737963","0.0025284115690737963","0.002244345610961318","0.002244345610961318","0.002244345610961318"
"289","0.001679310924373567","0.001679310924373567","0.001679310924373567","0.00219080806709826","0.00219080806709826","0.00219080806709826","0.0019738366827368736","0.0019738366827368736","0.0019738366827368736"
"290","0.0016392413526773453","0.0016392413526773453","0.0016392413526773453","0.0025185018312186003","0.0025185018312186003","0.0025185018312186003","0.0019760250579565763","0.0019760250579565763","0.0019760250579565763"
"291","0.0018197045428678393","0.0018197045428678393","0.0018197045428678393","0.0020240843296051025","0.0020240843296051025","0.0020240843296051025","0.002242187736555934","0.002242187736555934","0.002242187736555934"
"292","0.0018968114163726568","0.0018968114163726568","0.0018968114163726568","0.0021344891283661127","0.0021344891283661127","0.0021344891283661127","0.0020327253732830286","0.0020327253732830286","0.0020327253732830286"
"293","0.0017320862971246243","0.0017320862971246243","0.0017320862971246243","0.0020732046104967594","0.0020732046104967594","0.0020732046104967594","0.0020528400782495737","0.0020528400782495737","0.0020528400782495737"
"294","0.001871414016932249","0.001871414016932249","0.001871414016932249","0.0027173336129635572","0.0027173336129635572","0.0027173336129635572","0.001800243859179318","0.001800243859179318","0.001800243859179318"
"295","0.001728866365738213","0.001728866365738213","0.001728866365738213","0.0022871633991599083","0.0022871633991599083","0.0022871633991599083","0.002011122414842248","0.002011122414842248","0.002011122414842248"
"296","0.001574324443936348","0.001574324443936348","0.001574324443936348","0.0018895319662988186","0.0018895319662988186","0.0018895319662988186","0.0023363404907286167","0.0023363404907286167","0.0023363404907286167"
"297","0.001474666059948504","0.001474666059948504","0.001474666059948504","0.002883948851376772","0.002883948851376772","0.002883948851376772","0.002068753121420741","0.002068753121420741","0.002068753121420741"
"298","0.0020672085229307413","0.0020672085229307413","0.0020672085229307413","0.0020602981094270945","0.0020602981094270945","0.0020602981094270945","0.002015599748119712","0.002015599748119712","0.002015599748119712"
"299","0.001727795461192727","0.001727795461192727","0.001727795461192727","0.0021439993288367987","0.0021439993288367987","0.0021439993288367987","0.0018974869744852185","0.0018974869744852185","0.0018974869744852185"