"Step","yolo_tomo_v1 - train/cls_loss","yolo_tomo_v1 - train/cls_loss__MIN","yolo_tomo_v1 - train/cls_loss__MAX","yDICOM4 - train/cls_loss","yDICOM4 - train/cls_loss__MIN","yDICOM4 - train/cls_loss__MAX","yDICOM3 - train/cls_loss","yDICOM3 - train/cls_loss__MIN","yDICOM3 - train/cls_loss__MAX"
"0","0.005832179915159941","0.005832179915159941","0.005832179915159941","0.011516217142343521","0.011516217142343521","0.011516217142343521","0.007726145442575216","0.007726145442575216","0.007726145442575216"
"1","0.006244194228202105","0.006244194228202105","0.006244194228202105","0.011471846140921116","0.011471846140921116","0.011471846140921116","0.007573743816465139","0.007573743816465139","0.007573743816465139"
"2","0.0053906915709376335","0.0053906915709376335","0.0053906915709376335","0.013029636815190315","0.013029636815190315","0.013029636815190315","0.007915112189948559","0.007915112189948559","0.007915112189948559"
"3","0.0053872521966695786","0.0053872521966695786","0.0053872521966695786","0.011457656510174274","0.011457656510174274","0.011457656510174274","0.008578464388847351","0.008578464388847351","0.008578464388847351"
"4","0.005453956313431263","0.005453956313431263","0.005453956313431263","0.01098472811281681","0.01098472811281681","0.01098472811281681","0.007724990602582693","0.007724990602582693","0.007724990602582693"
"5","0.006579943001270294","0.006579943001270294","0.006579943001270294","0.013995680958032608","0.013995680958032608","0.013995680958032608","0.008578943088650703","0.008578943088650703","0.008578943088650703"
"6","0.004777691792696714","0.004777691792696714","0.004777691792696714","0.013739636167883873","0.013739636167883873","0.013739636167883873","0.006878609303385019","0.006878609303385019","0.006878609303385019"
"7","0.004865211434662342","0.004865211434662342","0.004865211434662342","0.01172946859151125","0.01172946859151125","0.01172946859151125","0.008048317395150661","0.008048317395150661","0.008048317395150661"
"8","0.005214702803641558","0.005214702803641558","0.005214702803641558","0.013445805758237839","0.013445805758237839","0.013445805758237839","0.008230078965425491","0.008230078965425491","0.008230078965425491"
"9","0.005814506206661463","0.005814506206661463","0.005814506206661463","0.012426437810063362","0.012426437810063362","0.012426437810063362","0.007545078173279762","0.007545078173279762","0.007545078173279762"
"10","0.006154022179543972","0.006154022179543972","0.006154022179543972","0.012389421463012695","0.012389421463012695","0.012389421463012695","0.008408993482589722","0.008408993482589722","0.008408993482589722"
"11","0.005969327874481678","0.005969327874481678","0.005969327874481678","0.012452472932636738","0.012452472932636738","0.012452472932636738","0.009922880679368973","0.009922880679368973","0.009922880679368973"
"12","0.005213962867856026","0.005213962867856026","0.005213962867856026","0.01391510758548975","0.01391510758548975","0.01391510758548975","0.008388664573431015","0.008388664573431015","0.008388664573431015"
"13","0.005211404524743557","0.005211404524743557","0.005211404524743557","0.013303669169545174","0.013303669169545174","0.013303669169545174","0.0077116284519433975","0.0077116284519433975","0.0077116284519433975"
"14","0.006415938958525658","0.006415938958525658","0.006415938958525658","0.013090820051729679","0.013090820051729679","0.013090820051729679","0.008879772387444973","0.008879772387444973","0.008879772387444973"
"15","0.005624918267130852","0.005624918267130852","0.005624918267130852","0.012573554180562496","0.012573554180562496","0.012573554180562496","0.009723653085529804","0.009723653085529804","0.009723653085529804"
"16","0.005968673154711723","0.005968673154711723","0.005968673154711723","0.012614220380783081","0.012614220380783081","0.012614220380783081","0.008220548741519451","0.008220548741519451","0.008220548741519451"
"17","0.006049016024917364","0.006049016024917364","0.006049016024917364","0.012819371186196804","0.012819371186196804","0.012819371186196804","0.007890858687460423","0.007890858687460423","0.007890858687460423"
"18","0.005877280607819557","0.005877280607819557","0.005877280607819557","0.011068293824791908","0.011068293824791908","0.011068293824791908","0.007716324180364609","0.007716324180364609","0.007716324180364609"
"19","0.005290480330586433","0.005290480330586433","0.005290480330586433","0.012208283878862858","0.012208283878862858","0.012208283878862858","0.008562812581658363","0.008562812581658363","0.008562812581658363"
"20","0.005541529040783644","0.005541529040783644","0.005541529040783644","0.012506967410445213","0.012506967410445213","0.012506967410445213","0.008867899887263775","0.008867899887263775","0.008867899887263775"
"21","0.005546389147639275","0.005546389147639275","0.005546389147639275","0.011185985989868641","0.011185985989868641","0.011185985989868641","0.009206730872392654","0.009206730872392654","0.009206730872392654"
"22","0.005213700234889984","0.005213700234889984","0.005213700234889984","0.012031622231006622","0.012031622231006622","0.012031622231006622","0.009030475281178951","0.009030475281178951","0.009030475281178951"
"23","0.00503258453682065","0.00503258453682065","0.00503258453682065","0.012448805384337902","0.012448805384337902","0.012448805384337902","0.00804590992629528","0.00804590992629528","0.00804590992629528"
"24","0.004508249927312136","0.004508249927312136","0.004508249927312136","0.011804737150669098","0.011804737150669098","0.011804737150669098","0.007861608639359474","0.007861608639359474","0.007861608639359474"
"25","0.004779843147844076","0.004779843147844076","0.004779843147844076","0.00946793518960476","0.00946793518960476","0.00946793518960476","0.008366378024220467","0.008366378024220467","0.008366378024220467"
"26","0.005199973937124014","0.005199973937124014","0.005199973937124014","0.012466882355511189","0.012466882355511189","0.012466882355511189","0.00820473488420248","0.00820473488420248","0.00820473488420248"
"27","0.0047673373483121395","0.0047673373483121395","0.0047673373483121395","0.012342623434960842","0.012342623434960842","0.012342623434960842","0.007194249425083399","0.007194249425083399","0.007194249425083399"
"28","0.004422892816364765","0.004422892816364765","0.004422892816364765","0.012669378891587257","0.012669378891587257","0.012669378891587257","0.00905382540076971","0.00905382540076971","0.00905382540076971"
"29","0.0046042450703680515","0.0046042450703680515","0.0046042450703680515","0.013219460844993591","0.013219460844993591","0.013219460844993591","0.008204177021980286","0.008204177021980286","0.008204177021980286"
"30","0.004168488085269928","0.004168488085269928","0.004168488085269928","0.013022752478718758","0.013022752478718758","0.013022752478718758","0.00853030662983656","0.00853030662983656","0.00853030662983656"
"31","0.004336533136665821","0.004336533136665821","0.004336533136665821","0.013960074633359909","0.013960074633359909","0.013960074633359909","0.007356989197432995","0.007356989197432995","0.007356989197432995"
"32","0.004671013914048672","0.004671013914048672","0.004671013914048672","0.013277720659971237","0.013277720659971237","0.013277720659971237","0.008367367088794708","0.008367367088794708","0.008367367088794708"
"33","0.004834367893636227","0.004834367893636227","0.004834367893636227","0.012865524739027023","0.012865524739027023","0.012865524739027023","0.009686795994639397","0.009686795994639397","0.009686795994639397"
"34","0.004748358391225338","0.004748358391225338","0.004748358391225338","0.011732392944395542","0.011732392944395542","0.011732392944395542","0.00885903649032116","0.00885903649032116","0.00885903649032116"
"35","0.005429329816251993","0.005429329816251993","0.005429329816251993","0.012680867686867714","0.012680867686867714","0.012680867686867714","0.007347933482378721","0.007347933482378721","0.007347933482378721"
"36","0.005424829199910164","0.005424829199910164","0.005424829199910164","0.013437565416097641","0.013437565416097641","0.013437565416097641","0.008357013575732708","0.008357013575732708","0.008357013575732708"
"37","0.004149335902184248","0.004149335902184248","0.004149335902184248","0.012470153160393238","0.012470153160393238","0.012470153160393238","0.008185249753296375","0.008185249753296375","0.008185249753296375"
"38","0.0045637995935976505","0.0045637995935976505","0.0045637995935976505","0.011899721808731556","0.011899721808731556","0.011899721808731556","0.007183069828897715","0.007183069828897715","0.007183069828897715"
"39","0.004905176814645529","0.004905176814645529","0.004905176814645529","0.011139015667140484","0.011139015667140484","0.011139015667140484","0.007185518741607666","0.007185518741607666","0.007185518741607666"
"40","0.004896277096122503","0.004896277096122503","0.004896277096122503","0.014247396029531956","0.014247396029531956","0.014247396029531956","0.007990987971425056","0.007990987971425056","0.007990987971425056"
"41","0.00472812307998538","0.00472812307998538","0.00472812307998538","0.012071055360138416","0.012071055360138416","0.012071055360138416","0.008025522343814373","0.008025522343814373","0.008025522343814373"
"42","0.004552033729851246","0.004552033729851246","0.004552033729851246","0.012323183938860893","0.012323183938860893","0.012323183938860893","0.008682076819241047","0.008682076819241047","0.008682076819241047"
"43","0.0053012920543551445","0.0053012920543551445","0.0053012920543551445","0.01073866430670023","0.01073866430670023","0.01073866430670023","0.007687697187066078","0.007687697187066078","0.007687697187066078"
"44","0.004701236262917519","0.004701236262917519","0.004701236262917519","0.01320161297917366","0.01320161297917366","0.01320161297917366","0.007994490675628185","0.007994490675628185","0.007994490675628185"
"45","0.004954618401825428","0.004954618401825428","0.004954618401825428","0.011272264644503593","0.011272264644503593","0.011272264644503593","0.009179339744150639","0.009179339744150639","0.009179339744150639"
"46","0.004708755761384964","0.004708755761384964","0.004708755761384964","0.011629185639321804","0.011629185639321804","0.011629185639321804","0.0085042305290699","0.0085042305290699","0.0085042305290699"
"47","0.004772849380970001","0.004772849380970001","0.004772849380970001","0.011336001567542553","0.011336001567542553","0.011336001567542553","0.007973582483828068","0.007973582483828068","0.007973582483828068"
"48","0.00426127016544342","0.00426127016544342","0.00426127016544342","0.011362678371369839","0.011362678371369839","0.011362678371369839","0.007469508796930313","0.007469508796930313","0.007469508796930313"
"49","0.004931523464620113","0.004931523464620113","0.004931523464620113","0.011890663765370846","0.011890663765370846","0.011890663765370846","0.007144274655729532","0.007144274655729532","0.007144274655729532"
"50","0.004679160192608833","0.004679160192608833","0.004679160192608833","0.01074749045073986","0.01074749045073986","0.01074749045073986","0.007963736541569233","0.007963736541569233","0.007963736541569233"
"51","0.004193933214992285","0.004193933214992285","0.004193933214992285","0.011011620983481407","0.011011620983481407","0.011011620983481407","0.008470435626804829","0.008470435626804829","0.008470435626804829"
"52","0.0050996532663702965","0.0050996532663702965","0.0050996532663702965","0.01105682272464037","0.01105682272464037","0.01105682272464037","0.008136114105582237","0.008136114105582237","0.008136114105582237"
"53","0.0054181478917598724","0.0054181478917598724","0.0054181478917598724","0.011534021236002445","0.011534021236002445","0.011534021236002445","0.007456783205270767","0.007456783205270767","0.007456783205270767"
"54","0.004419614095240831","0.004419614095240831","0.004419614095240831","0.01239622663706541","0.01239622663706541","0.01239622663706541","0.008278888650238514","0.008278888650238514","0.008278888650238514"
"55","0.004571735393255949","0.004571735393255949","0.004571735393255949","0.011591567657887936","0.011591567657887936","0.011591567657887936","0.007750431075692177","0.007750431075692177","0.007750431075692177"
"56","0.004900784231722355","0.004900784231722355","0.004900784231722355","0.011922919191420078","0.011922919191420078","0.011922919191420078","0.00823184009641409","0.00823184009641409","0.00823184009641409"
"57","0.004730417858809233","0.004730417858809233","0.004730417858809233","0.010302449576556683","0.010302449576556683","0.010302449576556683","0.008569546975195408","0.008569546975195408","0.008569546975195408"
"58","0.004910405725240707","0.004910405725240707","0.004910405725240707","0.011046110652387142","0.011046110652387142","0.011046110652387142","0.008531496860086918","0.008531496860086918","0.008531496860086918"
"59","0.0048116156831383705","0.0048116156831383705","0.0048116156831383705","0.008962779305875301","0.008962779305875301","0.008962779305875301","0.008226880803704262","0.008226880803704262","0.008226880803704262"
"60","0.004631785210222006","0.004631785210222006","0.004631785210222006","0.009744071401655674","0.009744071401655674","0.009744071401655674","0.008366178721189499","0.008366178721189499","0.008366178721189499"
"61","0.005366711411625147","0.005366711411625147","0.005366711411625147","0.008989484049379826","0.008989484049379826","0.008989484049379826","0.007494744844734669","0.007494744844734669","0.007494744844734669"
"62","0.004539696499705315","0.004539696499705315","0.004539696499705315","0.009407470934092999","0.009407470934092999","0.009407470934092999","0.008806795813143253","0.008806795813143253","0.008806795813143253"
"63","0.004919118247926235","0.004919118247926235","0.004919118247926235","0.010422642342746258","0.010422642342746258","0.010422642342746258","0.007638372015208006","0.007638372015208006","0.007638372015208006"
"64","0.004694946575909853","0.004694946575909853","0.004694946575909853","0.00890465546399355","0.00890465546399355","0.00890465546399355","0.008080098778009415","0.008080098778009415","0.008080098778009415"
"65","0.004116828087717295","0.004116828087717295","0.004116828087717295","0.010499455966055393","0.010499455966055393","0.010499455966055393","0.006637135986238718","0.006637135986238718","0.006637135986238718"
"66","0.004097819793969393","0.004097819793969393","0.004097819793969393","0.009777940809726715","0.009777940809726715","0.009777940809726715","0.0068468074314296246","0.0068468074314296246","0.0068468074314296246"
"67","0.004580107983201742","0.004580107983201742","0.004580107983201742","0.009573995135724545","0.009573995135724545","0.009573995135724545","0.007429944351315498","0.007429944351315498","0.007429944351315498"
"68","0.004078289493918419","0.004078289493918419","0.004078289493918419","0.009581387042999268","0.009581387042999268","0.009581387042999268","0.006824903190135956","0.006824903190135956","0.006824903190135956"
"69","0.004811602644622326","0.004811602644622326","0.004811602644622326","0.008968785405158997","0.008968785405158997","0.008968785405158997","0.007293831091374159","0.007293831091374159","0.007293831091374159"
"70","0.004346274770796299","0.004346274770796299","0.004346274770796299","0.007893207482993603","0.007893207482993603","0.007893207482993603","0.006216488778591156","0.006216488778591156","0.006216488778591156"
"71","0.004529113881289959","0.004529113881289959","0.004529113881289959","0.008560311049222946","0.008560311049222946","0.008560311049222946","0.008016154170036316","0.008016154170036316","0.008016154170036316"
"72","0.005027635022997856","0.005027635022997856","0.005027635022997856","0.008428830653429031","0.008428830653429031","0.008428830653429031","0.007127614226192236","0.007127614226192236","0.007127614226192236"
"73","0.005445184651762247","0.005445184651762247","0.005445184651762247","0.007821698673069477","0.007821698673069477","0.007821698673069477","0.00726698013022542","0.00726698013022542","0.00726698013022542"
"74","0.005018330179154873","0.005018330179154873","0.005018330179154873","0.00873552169650793","0.00873552169650793","0.00873552169650793","0.00632809242233634","0.00632809242233634","0.00632809242233634"
"75","0.004503920208662748","0.004503920208662748","0.004503920208662748","0.007353050168603659","0.007353050168603659","0.007353050168603659","0.006348274648189545","0.006348274648189545","0.006348274648189545"
"76","0.004518383648246527","0.004518383648246527","0.004518383648246527","0.0067924861796200275","0.0067924861796200275","0.0067924861796200275","0.0057611409574747086","0.0057611409574747086","0.0057611409574747086"
"77","0.003882872173562646","0.003882872173562646","0.003882872173562646","0.00672886474058032","0.00672886474058032","0.00672886474058032","0.0066258604638278484","0.0066258604638278484","0.0066258604638278484"
"78","0.004462303593754768","0.004462303593754768","0.004462303593754768","0.006623090710490942","0.006623090710490942","0.006623090710490942","0.005891493987292051","0.005891493987292051","0.005891493987292051"
"79","0.004128977190703154","0.004128977190703154","0.004128977190703154","0.00703571317717433","0.00703571317717433","0.00703571317717433","0.006734889466315508","0.006734889466315508","0.006734889466315508"
"80","0.004696958232671022","0.004696958232671022","0.004696958232671022","0.006918163038790226","0.006918163038790226","0.006918163038790226","0.0064378404058516026","0.0064378404058516026","0.0064378404058516026"
"81","0.004714119713753462","0.004714119713753462","0.004714119713753462","0.008681871928274632","0.008681871928274632","0.008681871928274632","0.007116454187780619","0.007116454187780619","0.007116454187780619"
"82","0.004072284791618586","0.004072284791618586","0.004072284791618586","0.006609679199755192","0.006609679199755192","0.006609679199755192","0.005550180561840534","0.005550180561840534","0.005550180561840534"
"83","0.004601253662258387","0.004601253662258387","0.004601253662258387","0.007117928937077522","0.007117928937077522","0.007117928937077522","0.0054799942299723625","0.0054799942299723625","0.0054799942299723625"
"84","0.004747843369841576","0.004747843369841576","0.004747843369841576","0.006573001388460398","0.006573001388460398","0.006573001388460398","0.006063015665858984","0.006063015665858984","0.006063015665858984"
"85","0.004015601240098476","0.004015601240098476","0.004015601240098476","0.007607424631714821","0.007607424631714821","0.007607424631714821","0.006116777658462524","0.006116777658462524","0.006116777658462524"
"86","0.0042508868500590324","0.0042508868500590324","0.0042508868500590324","0.007446525618433952","0.007446525618433952","0.007446525618433952","0.006095067597925663","0.006095067597925663","0.006095067597925663"
"87","0.0046220263466238976","0.0046220263466238976","0.0046220263466238976","0.006699878256767988","0.006699878256767988","0.006699878256767988","0.006919927429407835","0.006919927429407835","0.006919927429407835"
"88","0.0032369813416153193","0.0032369813416153193","0.0032369813416153193","0.006568899378180504","0.006568899378180504","0.006568899378180504","0.005901203956454992","0.005901203956454992","0.005901203956454992"
"89","0.004265324212610722","0.004265324212610722","0.004265324212610722","0.006104745902121067","0.006104745902121067","0.006104745902121067","0.005765188951045275","0.005765188951045275","0.005765188951045275"
"90","0.0036838571541011333","0.0036838571541011333","0.0036838571541011333","0.005190304946154356","0.005190304946154356","0.005190304946154356","0.006840299814939499","0.006840299814939499","0.006840299814939499"
"91","0.0033496872056275606","0.0033496872056275606","0.0033496872056275606","0.005099848844110966","0.005099848844110966","0.005099848844110966","0.006020346190780401","0.006020346190780401","0.006020346190780401"
"92","0.004705099854618311","0.004705099854618311","0.004705099854618311","0.006095878314226866","0.006095878314226866","0.006095878314226866","0.005956667475402355","0.005956667475402355","0.005956667475402355"
"93","0.004561264533549547","0.004561264533549547","0.004561264533549547","0.004951647948473692","0.004951647948473692","0.004951647948473692","0.00636313296854496","0.00636313296854496","0.00636313296854496"
"94","0.004878338426351547","0.004878338426351547","0.004878338426351547","0.006048704497516155","0.006048704497516155","0.006048704497516155","0.006248952355235815","0.006248952355235815","0.006248952355235815"
"95","0.0039084493182599545","0.0039084493182599545","0.0039084493182599545","0.00425005191937089","0.00425005191937089","0.00425005191937089","0.005796595010906458","0.005796595010906458","0.005796595010906458"
"96","0.0052258046343922615","0.0052258046343922615","0.0052258046343922615","0.003497643396258354","0.003497643396258354","0.003497643396258354","0.006268399767577648","0.006268399767577648","0.006268399767577648"
"97","0.004067350644618273","0.004067350644618273","0.004067350644618273","0.004610825330018997","0.004610825330018997","0.004610825330018997","0.006054735742509365","0.006054735742509365","0.006054735742509365"
"98","0.004038390703499317","0.004038390703499317","0.004038390703499317","0.004351414740085602","0.004351414740085602","0.004351414740085602","0.005674886982887983","0.005674886982887983","0.005674886982887983"
"99","0.004539627116173506","0.004539627116173506","0.004539627116173506","0.0035283472388982773","0.0035283472388982773","0.0035283472388982773","0.005110899917781353","0.005110899917781353","0.005110899917781353"
"100","0.0037404431495815516","0.0037404431495815516","0.0037404431495815516","0.004646348301321268","0.004646348301321268","0.004646348301321268","0.00481597101315856","0.00481597101315856","0.00481597101315856"
"101","0.004136585630476475","0.004136585630476475","0.004136585630476475","0.004227672703564167","0.004227672703564167","0.004227672703564167","0.0062623824924230576","0.0062623824924230576","0.0062623824924230576"
"102","0.004331125412136316","0.004331125412136316","0.004331125412136316","0.004226946737617254","0.004226946737617254","0.004226946737617254","0.004886689595878124","0.004886689595878124","0.004886689595878124"
"103","0.004028090741485357","0.004028090741485357","0.004028090741485357","0.0046798307448625565","0.0046798307448625565","0.0046798307448625565","0.00477546826004982","0.00477546826004982","0.00477546826004982"
"104","0.0036906038876622915","0.0036906038876622915","0.0036906038876622915","0.005561105441302061","0.005561105441302061","0.005561105441302061","0.005320698022842407","0.005320698022842407","0.005320698022842407"
"105","0.004536646883934736","0.004536646883934736","0.004536646883934736","0.005250923801213503","0.005250923801213503","0.005250923801213503","0.005340562667697668","0.005340562667697668","0.005340562667697668"
"106","0.004028310999274254","0.004028310999274254","0.004028310999274254","0.005634785164147615","0.005634785164147615","0.005634785164147615","0.006678254809230566","0.006678254809230566","0.006678254809230566"
"107","0.0035406327806413174","0.0035406327806413174","0.0035406327806413174","0.006176363211125135","0.006176363211125135","0.006176363211125135","0.005132286809384823","0.005132286809384823","0.005132286809384823"
"108","0.004302330315113068","0.004302330315113068","0.004302330315113068","0.003264572937041521","0.003264572937041521","0.003264572937041521","0.004709307104349136","0.004709307104349136","0.004709307104349136"
"109","0.003680263180285692","0.003680263180285692","0.003680263180285692","0.0034211883321404457","0.0034211883321404457","0.0034211883321404457","0.00571944285184145","0.00571944285184145","0.00571944285184145"
"110","0.0035872734151780605","0.0035872734151780605","0.0035872734151780605","0.00509374774992466","0.00509374774992466","0.00509374774992466","0.005993318278342485","0.005993318278342485","0.005993318278342485"
"111","0.004145651124417782","0.004145651124417782","0.004145651124417782","0.002896700520068407","0.002896700520068407","0.002896700520068407","0.005688175093382597","0.005688175093382597","0.005688175093382597"
"112","0.0037605715915560722","0.0037605715915560722","0.0037605715915560722","0.002880809362977743","0.002880809362977743","0.002880809362977743","0.005484620109200478","0.005484620109200478","0.005484620109200478"
"113","0.0032317317090928555","0.0032317317090928555","0.0032317317090928555","0.0038422730285674334","0.0038422730285674334","0.0038422730285674334","0.005900736898183823","0.005900736898183823","0.005900736898183823"
"114","0.0036193530540913343","0.0036193530540913343","0.0036193530540913343","0.003171525662764907","0.003171525662764907","0.003171525662764907","0.004577108658850193","0.004577108658850193","0.004577108658850193"
"115","0.003571679349988699","0.003571679349988699","0.003571679349988699","0.0029999692924320698","0.0029999692924320698","0.0029999692924320698","0.005394000094383955","0.005394000094383955","0.005394000094383955"
"116","0.0030137633439153433","0.0030137633439153433","0.0030137633439153433","0.00462926784530282","0.00462926784530282","0.00462926784530282","0.0055241757072508335","0.0055241757072508335","0.0055241757072508335"
"117","0.003315512789413333","0.003315512789413333","0.003315512789413333","0.002987359184771776","0.002987359184771776","0.002987359184771776","0.00538958515971899","0.00538958515971899","0.00538958515971899"
"118","0.003123772796243429","0.003123772796243429","0.003123772796243429","0.0034881136380136013","0.0034881136380136013","0.0034881136380136013","0.005357111804187298","0.005357111804187298","0.005357111804187298"
"119","0.003077853238210082","0.003077853238210082","0.003077853238210082","0.0029362549539655447","0.0029362549539655447","0.0029362549539655447","0.0047654444351792336","0.0047654444351792336","0.0047654444351792336"
"120","0.0035541653633117676","0.0035541653633117676","0.0035541653633117676","0.004072840791195631","0.004072840791195631","0.004072840791195631","0.004746968392282724","0.004746968392282724","0.004746968392282724"
"121","0.0030758825596421957","0.0030758825596421957","0.0030758825596421957","0.0032964099664241076","0.0032964099664241076","0.0032964099664241076","0.004918346647173166","0.004918346647173166","0.004918346647173166"
"122","0.002853084821254015","0.002853084821254015","0.002853084821254015","0.0036718572955578566","0.0036718572955578566","0.0036718572955578566","0.0040888492949306965","0.0040888492949306965","0.0040888492949306965"
"123","0.0031829450745135546","0.0031829450745135546","0.0031829450745135546","0.002873682649806142","0.002873682649806142","0.002873682649806142","0.004186667967587709","0.004186667967587709","0.004186667967587709"
"124","0.0035276596900075674","0.0035276596900075674","0.0035276596900075674","0.0030499279964715242","0.0030499279964715242","0.0030499279964715242","0.004926255438476801","0.004926255438476801","0.004926255438476801"
"125","0.0030776443891227245","0.0030776443891227245","0.0030776443891227245","0.003610174637287855","0.003610174637287855","0.003610174637287855","0.004527474753558636","0.004527474753558636","0.004527474753558636"
"126","0.003436208935454488","0.003436208935454488","0.003436208935454488","0.0020218754652887583","0.0020218754652887583","0.0020218754652887583","0.003641991876065731","0.003641991876065731","0.003641991876065731"
"127","0.002947166794911027","0.002947166794911027","0.002947166794911027","0.0019985693506896496","0.0019985693506896496","0.0019985693506896496","0.0038873350713402033","0.0038873350713402033","0.0038873350713402033"
"128","0.002941855927929282","0.002941855927929282","0.002941855927929282","0.0017093862406909466","0.0017093862406909466","0.0017093862406909466","0.0033553503453731537","0.0033553503453731537","0.0033553503453731537"
"129","0.0026726294308900833","0.0026726294308900833","0.0026726294308900833","0.0020729259122163057","0.0020729259122163057","0.0020729259122163057","0.0035548629239201546","0.0035548629239201546","0.0035548629239201546"
"130","0.0025801416486501694","0.0025801416486501694","0.0025801416486501694","0.0026089195162057877","0.0026089195162057877","0.0026089195162057877","0.0032658183481544256","0.0032658183481544256","0.0032658183481544256"
"131","0.0032256855629384518","0.0032256855629384518","0.0032256855629384518","0.0021982898470014334","0.0021982898470014334","0.0021982898470014334","0.003433078993111849","0.003433078993111849","0.003433078993111849"
"132","0.0028791131917387247","0.0028791131917387247","0.0028791131917387247","0.002652724739164114","0.002652724739164114","0.002652724739164114","0.002557144034653902","0.002557144034653902","0.002557144034653902"
"133","0.0026064051780849695","0.0026064051780849695","0.0026064051780849695","0.0019725998863577843","0.0019725998863577843","0.0019725998863577843","0.002892513992264867","0.002892513992264867","0.002892513992264867"
"134","0.0027741510421037674","0.0027741510421037674","0.0027741510421037674","0.001825719722546637","0.001825719722546637","0.001825719722546637","0.002751729916781187","0.002751729916781187","0.002751729916781187"
"135","0.003135955659672618","0.003135955659672618","0.003135955659672618","0.002086024032905698","0.002086024032905698","0.002086024032905698","0.0025123986415565014","0.0025123986415565014","0.0025123986415565014"
"136","0.002800064394250512","0.002800064394250512","0.002800064394250512","0.002139048185199499","0.002139048185199499","0.002139048185199499","0.0026122680865228176","0.0026122680865228176","0.0026122680865228176"
"137","0.0028843251056969166","0.0028843251056969166","0.0028843251056969166","0.002358578611165285","0.002358578611165285","0.002358578611165285","0.002656260272487998","0.002656260272487998","0.002656260272487998"
"138","0.0027107957284897566","0.0027107957284897566","0.0027107957284897566","0.0009716390632092953","0.0009716390632092953","0.0009716390632092953","0.003591442247852683","0.003591442247852683","0.003591442247852683"
"139","0.002552893478423357","0.002552893478423357","0.002552893478423357","0.0015319626545533538","0.0015319626545533538","0.0015319626545533538","0.002693768125027418","0.002693768125027418","0.002693768125027418"
"140","0.003061150200664997","0.003061150200664997","0.003061150200664997","0.003013061825186014","0.003013061825186014","0.003013061825186014","0.002226785523816943","0.002226785523816943","0.002226785523816943"
"141","0.0025965124368667603","0.0025965124368667603","0.0025965124368667603","0.002245458075776696","0.002245458075776696","0.002245458075776696","0.0026061555836349726","0.0026061555836349726","0.0026061555836349726"
"142","0.0024703904055058956","0.0024703904055058956","0.0024703904055058956","0.00291610904969275","0.00291610904969275","0.00291610904969275","0.0026337350718677044","0.0026337350718677044","0.0026337350718677044"
"143","0.002821985399350524","0.002821985399350524","0.002821985399350524","0.00243996549397707","0.00243996549397707","0.00243996549397707","0.002659047022461891","0.002659047022461891","0.002659047022461891"
"144","0.0022830793168395758","0.0022830793168395758","0.0022830793168395758","0.0030601455364376307","0.0030601455364376307","0.0030601455364376307","0.0023212458472698927","0.0023212458472698927","0.0023212458472698927"
"145","0.002386915497481823","0.002386915497481823","0.002386915497481823","0.0013892612187191844","0.0013892612187191844","0.0013892612187191844","0.0024574745912104845","0.0024574745912104845","0.0024574745912104845"
"146","0.002931088674813509","0.002931088674813509","0.002931088674813509","0.0016852389089763165","0.0016852389089763165","0.0016852389089763165","0.0016915271990001202","0.0016915271990001202","0.0016915271990001202"
"147","0.00283084437251091","0.00283084437251091","0.00283084437251091","0.002441219286993146","0.002441219286993146","0.002441219286993146","0.002324244473129511","0.002324244473129511","0.002324244473129511"
"148","0.0026892302557826042","0.0026892302557826042","0.0026892302557826042","0.001525373081676662","0.001525373081676662","0.001525373081676662","0.0020070760510861874","0.0020070760510861874","0.0020070760510861874"
"149","0.0028176510240882635","0.0028176510240882635","0.0028176510240882635","0.0022884842474013567","0.0022884842474013567","0.0022884842474013567","0.002394255483523011","0.002394255483523011","0.002394255483523011"
"150","0.0024467972107231617","0.0024467972107231617","0.0024467972107231617","0.0015477667329832911","0.0015477667329832911","0.0015477667329832911","0.0018367135198786855","0.0018367135198786855","0.0018367135198786855"
"151","0.002582302549853921","0.002582302549853921","0.002582302549853921","0.001122965826652944","0.001122965826652944","0.001122965826652944","0.0017331113340333104","0.0017331113340333104","0.0017331113340333104"
"152","0.002870060969144106","0.002870060969144106","0.002870060969144106","0.0018453864613547921","0.0018453864613547921","0.0018453864613547921","0.0019366501364856958","0.0019366501364856958","0.0019366501364856958"
"153","0.0025899361353367567","0.0025899361353367567","0.0025899361353367567","0.0017831888981163502","0.0017831888981163502","0.0017831888981163502","0.0020187413319945335","0.0020187413319945335","0.0020187413319945335"
"154","0.002475338988006115","0.002475338988006115","0.002475338988006115","0.0007343609468080103","0.0007343609468080103","0.0007343609468080103","0.002420361852273345","0.002420361852273345","0.002420361852273345"
"155","0.0022482520435005426","0.0022482520435005426","0.0022482520435005426","0.001204452128149569","0.001204452128149569","0.001204452128149569","0.0021193139255046844","0.0021193139255046844","0.0021193139255046844"
"156","0.0025711606722325087","0.0025711606722325087","0.0025711606722325087","0.0018901495495811105","0.0018901495495811105","0.0018901495495811105","0.0024345051497220993","0.0024345051497220993","0.0024345051497220993"
"157","0.0025976987089961767","0.0025976987089961767","0.0025976987089961767","0.0013390852836892009","0.0013390852836892009","0.0013390852836892009","0.0019018558086827397","0.0019018558086827397","0.0019018558086827397"
"158","0.0029688405338674784","0.0029688405338674784","0.0029688405338674784","0.0009866051841527224","0.0009866051841527224","0.0009866051841527224","0.0019669272005558014","0.0019669272005558014","0.0019669272005558014"
"159","0.0023777144961059093","0.0023777144961059093","0.0023777144961059093","0.001016307738609612","0.001016307738609612","0.001016307738609612","0.0013706518802791834","0.0013706518802791834","0.0013706518802791834"
"160","0.001913253916427493","0.001913253916427493","0.001913253916427493","0.001831332454457879","0.001831332454457879","0.001831332454457879","0.0020692150574177504","0.0020692150574177504","0.0020692150574177504"
"161","0.0024893328081816435","0.0024893328081816435","0.0024893328081816435","0.0012792251072824001","0.0012792251072824001","0.0012792251072824001","0.0010751651134341955","0.0010751651134341955","0.0010751651134341955"
"162","0.0020894778426736593","0.0020894778426736593","0.0020894778426736593","0.0011699938913807273","0.0011699938913807273","0.0011699938913807273","0.001363464747555554","0.001363464747555554","0.001363464747555554"
"163","0.0019497473258525133","0.0019497473258525133","0.0019497473258525133","0.0015877917176112533","0.0015877917176112533","0.0015877917176112533","0.0016965665854513645","0.0016965665854513645","0.0016965665854513645"
"164","0.0022469621617347","0.0022469621617347","0.0022469621617347","0.0017038009827956557","0.0017038009827956557","0.0017038009827956557","0.002396063879132271","0.002396063879132271","0.002396063879132271"
"165","0.0025034716818481684","0.0025034716818481684","0.0025034716818481684","0.0012234158348292112","0.0012234158348292112","0.0012234158348292112","0.0017466581193730235","0.0017466581193730235","0.0017466581193730235"
"166","0.0024372434709221125","0.0024372434709221125","0.0024372434709221125","0.0013879106845706701","0.0013879106845706701","0.0013879106845706701","0.002151188440620899","0.002151188440620899","0.002151188440620899"
"167","0.002755870344117284","0.002755870344117284","0.002755870344117284","0.0011456175707280636","0.0011456175707280636","0.0011456175707280636","0.002047816524282098","0.002047816524282098","0.002047816524282098"
"168","0.002298209583386779","0.002298209583386779","0.002298209583386779","0.0014286409132182598","0.0014286409132182598","0.0014286409132182598","0.0023343306966125965","0.0023343306966125965","0.0023343306966125965"
"169","0.0022528134286403656","0.0022528134286403656","0.0022528134286403656","0.0018006418831646442","0.0018006418831646442","0.0018006418831646442","0.0015602658968418837","0.0015602658968418837","0.0015602658968418837"
"170","0.002018136903643608","0.002018136903643608","0.002018136903643608","0.0014924148563295603","0.0014924148563295603","0.0014924148563295603","0.001889056758955121","0.001889056758955121","0.001889056758955121"
"171","0.002362816594541073","0.002362816594541073","0.002362816594541073","0.0011151776416227221","0.0011151776416227221","0.0011151776416227221","0.0018118993612006307","0.0018118993612006307","0.0018118993612006307"
"172","0.0020264964550733566","0.0020264964550733566","0.0020264964550733566","0.0012743963161483407","0.0012743963161483407","0.0012743963161483407","0.001661396585404873","0.001661396585404873","0.001661396585404873"
"173","0.0025605629198253155","0.0025605629198253155","0.0025605629198253155","0.0007118100766092539","0.0007118100766092539","0.0007118100766092539","0.0012867753393948078","0.0012867753393948078","0.0012867753393948078"
"174","0.0022437877487391233","0.0022437877487391233","0.0022437877487391233","0.0010370496893301606","0.0010370496893301606","0.0010370496893301606","0.0018573382403701544","0.0018573382403701544","0.0018573382403701544"
"175","0.0020919868256896734","0.0020919868256896734","0.0020919868256896734","0.0010756300762295723","0.0010756300762295723","0.0010756300762295723","0.0018688676645979285","0.0018688676645979285","0.0018688676645979285"
"176","0.0025070582050830126","0.0025070582050830126","0.0025070582050830126","0.0009180917986668646","0.0009180917986668646","0.0009180917986668646","0.0016620317474007607","0.0016620317474007607","0.0016620317474007607"
"177","0.0023023972753435373","0.0023023972753435373","0.0023023972753435373","0.0011866763234138489","0.0011866763234138489","0.0011866763234138489","0.0016211988404393196","0.0016211988404393196","0.0016211988404393196"
"178","0.0020958497188985348","0.0020958497188985348","0.0020958497188985348","0.0008317749015986919","0.0008317749015986919","0.0008317749015986919","0.0023902086541056633","0.0023902086541056633","0.0023902086541056633"
"179","0.0022779249120503664","0.0022779249120503664","0.0022779249120503664","0.0010585476411506534","0.0010585476411506534","0.0010585476411506534","0.001117398962378502","0.001117398962378502","0.001117398962378502"
"180","0.0024918660055845976","0.0024918660055845976","0.0024918660055845976","0.0005369858699850738","0.0005369858699850738","0.0005369858699850738","0.0009861045982688665","0.0009861045982688665","0.0009861045982688665"
"181","0.0022312903311103582","0.0022312903311103582","0.0022312903311103582","0.0013037496246397495","0.0013037496246397495","0.0013037496246397495","0.001336679677478969","0.001336679677478969","0.001336679677478969"
"182","0.0018784936983138323","0.0018784936983138323","0.0018784936983138323","0.0018359621753916144","0.0018359621753916144","0.0018359621753916144","0.0009165478986687958","0.0009165478986687958","0.0009165478986687958"
"183","0.002461472060531378","0.002461472060531378","0.002461472060531378","0.0009170064004138112","0.0009170064004138112","0.0009170064004138112","0.0014098482206463814","0.0014098482206463814","0.0014098482206463814"
"184","0.0020888878498226404","0.0020888878498226404","0.0020888878498226404","0.0010070889256894588","0.0010070889256894588","0.0010070889256894588","0.0015582209452986717","0.0015582209452986717","0.0015582209452986717"
"185","0.0023561774287372828","0.0023561774287372828","0.0023561774287372828","0.0013085694517940283","0.0013085694517940283","0.0013085694517940283","0.0008769655833020806","0.0008769655833020806","0.0008769655833020806"
"186","0.0018958373693749309","0.0018958373693749309","0.0018958373693749309","0.001324616838246584","0.001324616838246584","0.001324616838246584","0.0010328568750992417","0.0010328568750992417","0.0010328568750992417"
"187","0.0019641167018562555","0.0019641167018562555","0.0019641167018562555","0.0015779456589370966","0.0015779456589370966","0.0015779456589370966","0.0008029677555896342","0.0008029677555896342","0.0008029677555896342"
"188","0.0018247842090204358","0.0018247842090204358","0.0018247842090204358","0.0012607383541762829","0.0012607383541762829","0.0012607383541762829","0.0013455322477966547","0.0013455322477966547","0.0013455322477966547"
"189","0.0020072662737220526","0.0020072662737220526","0.0020072662737220526","0.0014703249325975776","0.0014703249325975776","0.0014703249325975776","0.0012851398205384612","0.0012851398205384612","0.0012851398205384612"
"190","0.001843082020059228","0.001843082020059228","0.001843082020059228","0.0009224973618984222","0.0009224973618984222","0.0009224973618984222","0.0011074378853663802","0.0011074378853663802","0.0011074378853663802"
"191","0.0019081324571743608","0.0019081324571743608","0.0019081324571743608","0.0011611738009378314","0.0011611738009378314","0.0011611738009378314","0.0012346357107162476","0.0012346357107162476","0.0012346357107162476"
"192","0.0013393721310421824","0.0013393721310421824","0.0013393721310421824","0.001485742861405015","0.001485742861405015","0.001485742861405015","0.0008787955739535391","0.0008787955739535391","0.0008787955739535391"
"193","0.0021590664982795715","0.0021590664982795715","0.0021590664982795715","0.0008513137581758201","0.0008513137581758201","0.0008513137581758201","0.001015108427964151","0.001015108427964151","0.001015108427964151"
"194","0.0017495538340881467","0.0017495538340881467","0.0017495538340881467","0.00177450617775321","0.00177450617775321","0.00177450617775321","0.0013528227573260665","0.0013528227573260665","0.0013528227573260665"
"195","0.002395597053691745","0.002395597053691745","0.002395597053691745","0.0006363813299685717","0.0006363813299685717","0.0006363813299685717","0.0010297526605427265","0.0010297526605427265","0.0010297526605427265"
"196","0.0019511861028149724","0.0019511861028149724","0.0019511861028149724","0.00038722497993148863","0.00038722497993148863","0.00038722497993148863","0.0006840582937002182","0.0006840582937002182","0.0006840582937002182"
"197","0.0019242663402110338","0.0019242663402110338","0.0019242663402110338","0.0007310440414585173","0.0007310440414585173","0.0007310440414585173","0.0007252718205563724","0.0007252718205563724","0.0007252718205563724"
"198","0.0019388789078220725","0.0019388789078220725","0.0019388789078220725","0.0013205043505877256","0.0013205043505877256","0.0013205043505877256","0.0011601699516177177","0.0011601699516177177","0.0011601699516177177"
"199","0.001995523925870657","0.001995523925870657","0.001995523925870657","0.0012293121544644237","0.0012293121544644237","0.0012293121544644237","0.0007886621751822531","0.0007886621751822531","0.0007886621751822531"
"200","0.0018880139105021954","0.0018880139105021954","0.0018880139105021954","0.0010295248357579112","0.0010295248357579112","0.0010295248357579112","0.0009876800468191504","0.0009876800468191504","0.0009876800468191504"
"201","0.0017411644803360105","0.0017411644803360105","0.0017411644803360105","0.0009290890302509069","0.0009290890302509069","0.0009290890302509069","0.0011162078008055687","0.0011162078008055687","0.0011162078008055687"
"202","0.0019357387209311128","0.0019357387209311128","0.0019357387209311128","0.0007453085272572935","0.0007453085272572935","0.0007453085272572935","0.0013727917103096843","0.0013727917103096843","0.0013727917103096843"
"203","0.0019204573472961783","0.0019204573472961783","0.0019204573472961783","0.0006211306317709386","0.0006211306317709386","0.0006211306317709386","0.0008383847307413816","0.0008383847307413816","0.0008383847307413816"
"204","0.0016918517649173737","0.0016918517649173737","0.0016918517649173737","0.0011008353903889656","0.0011008353903889656","0.0011008353903889656","0.0008610349032096565","0.0008610349032096565","0.0008610349032096565"
"205","0.0013365859631448984","0.0013365859631448984","0.0013365859631448984","0.0011426754062995315","0.0011426754062995315","0.0011426754062995315","0.0013059498742222786","0.0013059498742222786","0.0013059498742222786"
"206","0.0014894700143486261","0.0014894700143486261","0.0014894700143486261","0.0008372320444323123","0.0008372320444323123","0.0008372320444323123","0.0007214596262201667","0.0007214596262201667","0.0007214596262201667"
"207","0.0023132087662816048","0.0023132087662816048","0.0023132087662816048","0.0005195672274567187","0.0005195672274567187","0.0005195672274567187","0.0006392522482201457","0.0006392522482201457","0.0006392522482201457"
"208","0.0017094089416787028","0.0017094089416787028","0.0017094089416787028","0.0009672981104813516","0.0009672981104813516","0.0009672981104813516","0.0006047350470907986","0.0006047350470907986","0.0006047350470907986"
"209","0.0017284650821238756","0.0017284650821238756","0.0017284650821238756","0.00045831655734218657","0.00045831655734218657","0.00045831655734218657","0.0008241834002546966","0.0008241834002546966","0.0008241834002546966"
"210","0.0017711571417748928","0.0017711571417748928","0.0017711571417748928","0.0012154299765825272","0.0012154299765825272","0.0012154299765825272","0.0010442637139931321","0.0010442637139931321","0.0010442637139931321"
"211","0.0017911545000970364","0.0017911545000970364","0.0017911545000970364","0.0011168369092047215","0.0011168369092047215","0.0011168369092047215","0.0012453373055905104","0.0012453373055905104","0.0012453373055905104"
"212","0.0015117427101358771","0.0015117427101358771","0.0015117427101358771","0.001147622475400567","0.001147622475400567","0.001147622475400567","0.0014140274142846465","0.0014140274142846465","0.0014140274142846465"
"213","0.001615628250874579","0.001615628250874579","0.001615628250874579","0.0010572378523647785","0.0010572378523647785","0.0010572378523647785","0.0006853679660707712","0.0006853679660707712","0.0006853679660707712"
"214","0.0015699086943641305","0.0015699086943641305","0.0015699086943641305","0.0008402563980780542","0.0008402563980780542","0.0008402563980780542","0.0009232035372406244","0.0009232035372406244","0.0009232035372406244"
"215","0.0016840078169479966","0.0016840078169479966","0.0016840078169479966","0.0011599849676713347","0.0011599849676713347","0.0011599849676713347","0.0008417822537012398","0.0008417822537012398","0.0008417822537012398"
"216","0.0014553553191944957","0.0014553553191944957","0.0014553553191944957","0.0003863779711537063","0.0003863779711537063","0.0003863779711537063","0.0009750790777616203","0.0009750790777616203","0.0009750790777616203"
"217","0.001643786788918078","0.001643786788918078","0.001643786788918078","0.000988920102827251","0.000988920102827251","0.000988920102827251","0.0008842145907692611","0.0008842145907692611","0.0008842145907692611"
"218","0.0019053457072004676","0.0019053457072004676","0.0019053457072004676","0.0016625288408249617","0.0016625288408249617","0.0016625288408249617","0.000839530024677515","0.000839530024677515","0.000839530024677515"
"219","0.001537024974822998","0.001537024974822998","0.001537024974822998","0.0011022088583558798","0.0011022088583558798","0.0011022088583558798","0.0007531202281825244","0.0007531202281825244","0.0007531202281825244"
"220","0.0015017867553979158","0.0015017867553979158","0.0015017867553979158","0.0010274677770212293","0.0010274677770212293","0.0010274677770212293","0.0008098513353615999","0.0008098513353615999","0.0008098513353615999"
"221","0.0014865236589685082","0.0014865236589685082","0.0014865236589685082","0.0011092256754636765","0.0011092256754636765","0.0011092256754636765","0.0004282690933905542","0.0004282690933905542","0.0004282690933905542"
"222","0.0013377671130001545","0.0013377671130001545","0.0013377671130001545","0.0008450152818113565","0.0008450152818113565","0.0008450152818113565","0.0013055792078375816","0.0013055792078375816","0.0013055792078375816"
"223","0.001768722664564848","0.001768722664564848","0.001768722664564848","0.0006247013807296753","0.0006247013807296753","0.0006247013807296753","0.0005620262236334383","0.0005620262236334383","0.0005620262236334383"
"224","0.0019597546197474003","0.0019597546197474003","0.0019597546197474003","0.0007775911944918334","0.0007775911944918334","0.0007775911944918334","0.0005408675642684102","0.0005408675642684102","0.0005408675642684102"
"225","0.001629592850804329","0.001629592850804329","0.001629592850804329","0.0006390255875885487","0.0006390255875885487","0.0006390255875885487","0.000631599104963243","0.000631599104963243","0.000631599104963243"
"226","0.0013235248625278473","0.0013235248625278473","0.0013235248625278473","0.0006164128426462412","0.0006164128426462412","0.0006164128426462412","0.0009949748637154698","0.0009949748637154698","0.0009949748637154698"
"227","0.00180861447006464","0.00180861447006464","0.00180861447006464","0.00037012455868534744","0.00037012455868534744","0.00037012455868534744","0.0007845677901059389","0.0007845677901059389","0.0007845677901059389"
"228","0.0013813185505568981","0.0013813185505568981","0.0013813185505568981","0.0005899587413296103","0.0005899587413296103","0.0005899587413296103","0.0005453560734167695","0.0005453560734167695","0.0005453560734167695"
"229","0.001340906717814505","0.001340906717814505","0.001340906717814505","0.0005898728268221021","0.0005898728268221021","0.0005898728268221021","0.0009713933104649186","0.0009713933104649186","0.0009713933104649186"
"230","0.0015452263178303838","0.0015452263178303838","0.0015452263178303838","0.0009664662647992373","0.0009664662647992373","0.0009664662647992373","0.0007542432867921889","0.0007542432867921889","0.0007542432867921889"
"231","0.0016201086109504104","0.0016201086109504104","0.0016201086109504104","0.0007224512519314885","0.0007224512519314885","0.0007224512519314885","0.0006187226972542703","0.0006187226972542703","0.0006187226972542703"
"232","0.0017225121846422553","0.0017225121846422553","0.0017225121846422553","0.0006070979288779199","0.0006070979288779199","0.0006070979288779199","0.00117374281398952","0.00117374281398952","0.00117374281398952"
"233","0.0016427632654085755","0.0016427632654085755","0.0016427632654085755","0.0007047494291327894","0.0007047494291327894","0.0007047494291327894","0.0010188582818955183","0.0010188582818955183","0.0010188582818955183"
"234","0.0011302311904728413","0.0011302311904728413","0.0011302311904728413","0.0007630084292031825","0.0007630084292031825","0.0007630084292031825","0.0008420993690378964","0.0008420993690378964","0.0008420993690378964"
"235","0.0012804367579519749","0.0012804367579519749","0.0012804367579519749","0.001076211454346776","0.001076211454346776","0.001076211454346776","0.0012623164802789688","0.0012623164802789688","0.0012623164802789688"
"236","0.001281540491618216","0.001281540491618216","0.001281540491618216","0.0008681712788529694","0.0008681712788529694","0.0008681712788529694","0.0018836928065866232","0.0018836928065866232","0.0018836928065866232"
"237","0.0013555255718529224","0.0013555255718529224","0.0013555255718529224","0.0007996779168024659","0.0007996779168024659","0.0007996779168024659","0.0010259250411763787","0.0010259250411763787","0.0010259250411763787"
"238","0.0012761588441208005","0.0012761588441208005","0.0012761588441208005","0.0008772863075137138","0.0008772863075137138","0.0008772863075137138","0.001039977534674108","0.001039977534674108","0.001039977534674108"
"239","0.001497965888120234","0.001497965888120234","0.001497965888120234","0.0011092154309153557","0.0011092154309153557","0.0011092154309153557","0.0007589076994918287","0.0007589076994918287","0.0007589076994918287"
"240","0.0013402079930528998","0.0013402079930528998","0.0013402079930528998","0.0005846159183420241","0.0005846159183420241","0.0005846159183420241","0.0009271744638681412","0.0009271744638681412","0.0009271744638681412"
"241","0.001046108896844089","0.001046108896844089","0.001046108896844089","0.0005884057027287781","0.0005884057027287781","0.0005884057027287781","0.0007254921947605908","0.0007254921947605908","0.0007254921947605908"
"242","0.0013360825832933187","0.0013360825832933187","0.0013360825832933187","0.0009340374381281435","0.0009340374381281435","0.0009340374381281435","0.0008356795297004282","0.0008356795297004282","0.0008356795297004282"
"243","0.0011956645175814629","0.0011956645175814629","0.0011956645175814629","0.0006622602231800556","0.0006622602231800556","0.0006622602231800556","0.001368254073895514","0.001368254073895514","0.001368254073895514"
"244","0.0011440209345892072","0.0011440209345892072","0.0011440209345892072","0.0008549882913939655","0.0008549882913939655","0.0008549882913939655","0.0011843176325783134","0.0011843176325783134","0.0011843176325783134"
"245","0.0014846076956018806","0.0014846076956018806","0.0014846076956018806","0.0005268788081593812","0.0005268788081593812","0.0005268788081593812","0.0008723839418962598","0.0008723839418962598","0.0008723839418962598"
"246","0.001403336995281279","0.001403336995281279","0.001403336995281279","0.0005869863089174032","0.0005869863089174032","0.0005869863089174032","0.0009205241804011166","0.0009205241804011166","0.0009205241804011166"
"247","0.0012504818150773644","0.0012504818150773644","0.0012504818150773644","0.0005698124878108501","0.0005698124878108501","0.0005698124878108501","0.0009088567458093166","0.0009088567458093166","0.0009088567458093166"
"248","0.001239678356796503","0.001239678356796503","0.001239678356796503","0.0012544100172817707","0.0012544100172817707","0.0012544100172817707","0.0007094862521626055","0.0007094862521626055","0.0007094862521626055"
"249","0.0014374889433383942","0.0014374889433383942","0.0014374889433383942","0.0007521100342273712","0.0007521100342273712","0.0007521100342273712","0.0006164840888231993","0.0006164840888231993","0.0006164840888231993"
"250","0.0013135046465322375","0.0013135046465322375","0.0013135046465322375","0.0012341083493083715","0.0012341083493083715","0.0012341083493083715","0.0007678083493374288","0.0007678083493374288","0.0007678083493374288"
"251","0.0012115204008296132","0.0012115204008296132","0.0012115204008296132","0.0004719302523881197","0.0004719302523881197","0.0004719302523881197","0.0006243872921913862","0.0006243872921913862","0.0006243872921913862"
"252","0.001226499560289085","0.001226499560289085","0.001226499560289085","0.001139539061114192","0.001139539061114192","0.001139539061114192","0.0006606901879422367","0.0006606901879422367","0.0006606901879422367"
"253","0.0014225824270397425","0.0014225824270397425","0.0014225824270397425","0.0010318218264728785","0.0010318218264728785","0.0010318218264728785","0.000957981392275542","0.000957981392275542","0.000957981392275542"
"254","0.001367494696751237","0.001367494696751237","0.001367494696751237","0.0005293410504236817","0.0005293410504236817","0.0005293410504236817","0.0009208876872435212","0.0009208876872435212","0.0009208876872435212"
"255","0.0013361400924623013","0.0013361400924623013","0.0013361400924623013","0.0006615381571464241","0.0006615381571464241","0.0006615381571464241","0.0006012636004015803","0.0006012636004015803","0.0006012636004015803"
"256","0.0012358443345874548","0.0012358443345874548","0.0012358443345874548","0.0009621366625651717","0.0009621366625651717","0.0009621366625651717","0.0008955288794822991","0.0008955288794822991","0.0008955288794822991"
"257","0.0011513610370457172","0.0011513610370457172","0.0011513610370457172","0.0007039738120511174","0.0007039738120511174","0.0007039738120511174","0.000570369535125792","0.000570369535125792","0.000570369535125792"
"258","0.0012032848317176104","0.0012032848317176104","0.0012032848317176104","0.0006904592155478895","0.0006904592155478895","0.0006904592155478895","0.0010065215174108744","0.0010065215174108744","0.0010065215174108744"
"259","0.0012826237361878157","0.0012826237361878157","0.0012826237361878157","0.0004737339331768453","0.0004737339331768453","0.0004737339331768453","0.0008217026479542255","0.0008217026479542255","0.0008217026479542255"
"260","0.0012330933241173625","0.0012330933241173625","0.0012330933241173625","0.0005919025279581547","0.0005919025279581547","0.0005919025279581547","0.001063005649484694","0.001063005649484694","0.001063005649484694"
"261","0.0010326346382498741","0.0010326346382498741","0.0010326346382498741","0.0005866125575266778","0.0005866125575266778","0.0005866125575266778","0.001646910677663982","0.001646910677663982","0.001646910677663982"
"262","0.0009167747339233756","0.0009167747339233756","0.0009167747339233756","0.0005538056138902903","0.0005538056138902903","0.0005538056138902903","0.0008480168180540204","0.0008480168180540204","0.0008480168180540204"
"263","0.0009872833034023643","0.0009872833034023643","0.0009872833034023643","0.000854377169162035","0.000854377169162035","0.000854377169162035","0.0008661997271701694","0.0008661997271701694","0.0008661997271701694"
"264","0.0007804034394212067","0.0007804034394212067","0.0007804034394212067","0.0007155442726798356","0.0007155442726798356","0.0007155442726798356","0.00048610902740620077","0.00048610902740620077","0.00048610902740620077"
"265","0.0013042285572737455","0.0013042285572737455","0.0013042285572737455","0.00048568504280410707","0.00048568504280410707","0.00048568504280410707","0.0005666648503392935","0.0005666648503392935","0.0005666648503392935"
"266","0.001183359301649034","0.001183359301649034","0.001183359301649034","0.00040797103429213166","0.00040797103429213166","0.00040797103429213166","0.0008065304718911648","0.0008065304718911648","0.0008065304718911648"
"267","0.001080990070477128","0.001080990070477128","0.001080990070477128","0.0012950828531756997","0.0012950828531756997","0.0012950828531756997","0.0006209986750036478","0.0006209986750036478","0.0006209986750036478"
"268","0.0011306111700832844","0.0011306111700832844","0.0011306111700832844","0.0002953232906293124","0.0002953232906293124","0.0002953232906293124","0.0005295930313877761","0.0005295930313877761","0.0005295930313877761"
"269","0.0010925495298579335","0.0010925495298579335","0.0010925495298579335","0.0005808569258078933","0.0005808569258078933","0.0005808569258078933","0.0009063149918802083","0.0009063149918802083","0.0009063149918802083"
"270","0.0010950553696602583","0.0010950553696602583","0.0010950553696602583","0.0005962307332083583","0.0005962307332083583","0.0005962307332083583","0.000648056564386934","0.000648056564386934","0.000648056564386934"
"271","0.0014339410699903965","0.0014339410699903965","0.0014339410699903965","0.0005869761807844043","0.0005869761807844043","0.0005869761807844043","0.0006289479206316173","0.0006289479206316173","0.0006289479206316173"
"272","0.0009613092406652868","0.0009613092406652868","0.0009613092406652868","0.0008650618838146329","0.0008650618838146329","0.0008650618838146329","0.0004493778687901795","0.0004493778687901795","0.0004493778687901795"
"273","0.0013050386914983392","0.0013050386914983392","0.0013050386914983392","0.0011135737877339125","0.0011135737877339125","0.0011135737877339125","0.0009267885470762849","0.0009267885470762849","0.0009267885470762849"
"274","0.0010794821428135037","0.0010794821428135037","0.0010794821428135037","0.000657737604342401","0.000657737604342401","0.000657737604342401","0.0006672002491541207","0.0006672002491541207","0.0006672002491541207"
"275","0.0010914842132478952","0.0010914842132478952","0.0010914842132478952","0.0006086417706683278","0.0006086417706683278","0.0006086417706683278","0.0008150926441885531","0.0008150926441885531","0.0008150926441885531"
"276","0.0015115499263629317","0.0015115499263629317","0.0015115499263629317","0.0005181144806556404","0.0005181144806556404","0.0005181144806556404","0.0010526832193136215","0.0010526832193136215","0.0010526832193136215"
"277","0.00116333132609725","0.00116333132609725","0.00116333132609725","0.0003734250203706324","0.0003734250203706324","0.0003734250203706324","0.0007074309978634119","0.0007074309978634119","0.0007074309978634119"
"278","0.0011283322237432003","0.0011283322237432003","0.0011283322237432003","0.00042293095611967146","0.00042293095611967146","0.00042293095611967146","0.0003113265847787261","0.0003113265847787261","0.0003113265847787261"
"279","0.0010598803637549281","0.0010598803637549281","0.0010598803637549281","0.0010950517607852817","0.0010950517607852817","0.0010950517607852817","0.0007307371706701815","0.0007307371706701815","0.0007307371706701815"
"280","0.0010242582065984607","0.0010242582065984607","0.0010242582065984607","0.00101249641738832","0.00101249641738832","0.00101249641738832","0.0006150538683868945","0.0006150538683868945","0.0006150538683868945"
"281","0.001123113208450377","0.001123113208450377","0.001123113208450377","0.0004533421597443521","0.0004533421597443521","0.0004533421597443521","0.0008226890931837261","0.0008226890931837261","0.0008226890931837261"
"282","0.0011866699205711484","0.0011866699205711484","0.0011866699205711484","0.0004223213763907552","0.0004223213763907552","0.0004223213763907552","0.000707387865986675","0.000707387865986675","0.000707387865986675"
"283","0.0010308404453098774","0.0010308404453098774","0.0010308404453098774","0.0005755428574047983","0.0005755428574047983","0.0005755428574047983","0.0004736592818517238","0.0004736592818517238","0.0004736592818517238"
"284","0.00113604124635458","0.00113604124635458","0.00113604124635458","0.00031437736470252275","0.00031437736470252275","0.00031437736470252275","0.000569770869333297","0.000569770869333297","0.000569770869333297"
"285","0.0013830541865900159","0.0013830541865900159","0.0013830541865900159","0.0005622374592348933","0.0005622374592348933","0.0005622374592348933","0.0007401902694255114","0.0007401902694255114","0.0007401902694255114"
"286","0.001046437188051641","0.001046437188051641","0.001046437188051641","0.0005882182158529758","0.0005882182158529758","0.0005882182158529758","0.0006815718370489776","0.0006815718370489776","0.0006815718370489776"
"287","0.0011429082369431853","0.0011429082369431853","0.0011429082369431853","0.0005054263747297227","0.0005054263747297227","0.0005054263747297227","0.0002982137375511229","0.0002982137375511229","0.0002982137375511229"
"288","0.0010120902443304658","0.0010120902443304658","0.0010120902443304658","0.0006495578563772142","0.0006495578563772142","0.0006495578563772142","0.0006333616911433637","0.0006333616911433637","0.0006333616911433637"
"289","0.0008771722787059844","0.0008771722787059844","0.0008771722787059844","0.0007749752840027213","0.0007749752840027213","0.0007749752840027213","0.0006060099112801254","0.0006060099112801254","0.0006060099112801254"
"290","0.0014244380872696638","0.0014244380872696638","0.0014244380872696638","0.0010442325146868825","0.0010442325146868825","0.0010442325146868825","0.0006196214817464352","0.0006196214817464352","0.0006196214817464352"
"291","0.0012787396553903818","0.0012787396553903818","0.0012787396553903818","0.00043340626871213317","0.00043340626871213317","0.00043340626871213317","0.000866546353790909","0.000866546353790909","0.000866546353790909"
"292","0.0013067778199911118","0.0013067778199911118","0.0013067778199911118","0.0007330413209274411","0.0007330413209274411","0.0007330413209274411","0.001136120641604066","0.001136120641604066","0.001136120641604066"
"293","0.00119479326531291","0.00119479326531291","0.00119479326531291","0.0004511798615567386","0.0004511798615567386","0.0004511798615567386","0.0006390849594026804","0.0006390849594026804","0.0006390849594026804"
"294","0.0011963564902544022","0.0011963564902544022","0.0011963564902544022","0.0010727057233452797","0.0010727057233452797","0.0010727057233452797","0.0004253038496244699","0.0004253038496244699","0.0004253038496244699"
"295","0.0011322987265884876","0.0011322987265884876","0.0011322987265884876","0.0004968408029526472","0.0004968408029526472","0.0004968408029526472","0.0005188590148463845","0.0005188590148463845","0.0005188590148463845"
"296","0.0009887837804853916","0.0009887837804853916","0.0009887837804853916","0.0002604390901979059","0.0002604390901979059","0.0002604390901979059","0.001226888969540596","0.001226888969540596","0.001226888969540596"
"297","0.001050677732564509","0.001050677732564509","0.001050677732564509","0.0011890903115272522","0.0011890903115272522","0.0011890903115272522","0.0005618452560156584","0.0005618452560156584","0.0005618452560156584"
"298","0.001229125540703535","0.001229125540703535","0.001229125540703535","0.000607049441896379","0.000607049441896379","0.000607049441896379","0.00077133032027632","0.00077133032027632","0.00077133032027632"
"299","0.0009957789443433285","0.0009957789443433285","0.0009957789443433285","0.0007198651437647641","0.0007198651437647641","0.0007198651437647641","0.0005346163525246084","0.0005346163525246084","0.0005346163525246084"