"Step","yolo_tomo_v1 - train/box_loss","yolo_tomo_v1 - train/box_loss__MIN","yolo_tomo_v1 - train/box_loss__MAX","yDICOM4 - train/box_loss","yDICOM4 - train/box_loss__MIN","yDICOM4 - train/box_loss__MAX","yDICOM3 - train/box_loss","yDICOM3 - train/box_loss__MIN","yDICOM3 - train/box_loss__MAX"
"0","0.02984001487493515","0.02984001487493515","0.02984001487493515","0.03951549530029297","0.03951549530029297","0.03951549530029297","0.04066939651966095","0.04066939651966095","0.04066939651966095"
"1","0.03459761291742325","0.03459761291742325","0.03459761291742325","0.03797467425465584","0.03797467425465584","0.03797467425465584","0.044150080531835556","0.044150080531835556","0.044150080531835556"
"2","0.03305043652653694","0.03305043652653694","0.03305043652653694","0.048155318945646286","0.048155318945646286","0.048155318945646286","0.041748665273189545","0.041748665273189545","0.041748665273189545"
"3","0.030074603855609894","0.030074603855609894","0.030074603855609894","0.04011441394686699","0.04011441394686699","0.04011441394686699","0.050595834851264954","0.050595834851264954","0.050595834851264954"
"4","0.03047344461083412","0.03047344461083412","0.03047344461083412","0.04057888686656952","0.04057888686656952","0.04057888686656952","0.038849394768476486","0.038849394768476486","0.038849394768476486"
"5","0.035499703139066696","0.035499703139066696","0.035499703139066696","0.05716172978281975","0.05716172978281975","0.05716172978281975","0.045796263962984085","0.045796263962984085","0.045796263962984085"
"6","0.02684725634753704","0.02684725634753704","0.02684725634753704","0.04935231804847717","0.04935231804847717","0.04935231804847717","0.03658817708492279","0.03658817708492279","0.03658817708492279"
"7","0.02854200452566147","0.02854200452566147","0.02854200452566147","0.04209136590361595","0.04209136590361595","0.04209136590361595","0.04278969764709473","0.04278969764709473","0.04278969764709473"
"8","0.028804250061511993","0.028804250061511993","0.028804250061511993","0.04946725815534592","0.04946725815534592","0.04946725815534592","0.04412078484892845","0.04412078484892845","0.04412078484892845"
"9","0.03326629102230072","0.03326629102230072","0.03326629102230072","0.0472555086016655","0.0472555086016655","0.0472555086016655","0.041643012315034866","0.041643012315034866","0.041643012315034866"
"10","0.032963234931230545","0.032963234931230545","0.032963234931230545","0.05072065815329552","0.05072065815329552","0.05072065815329552","0.04794058948755264","0.04794058948755264","0.04794058948755264"
"11","0.03363125026226044","0.03363125026226044","0.03363125026226044","0.04771914333105087","0.04771914333105087","0.04771914333105087","0.05627929046750069","0.05627929046750069","0.05627929046750069"
"12","0.028090106323361397","0.028090106323361397","0.028090106323361397","0.05153888836503029","0.05153888836503029","0.05153888836503029","0.04745255783200264","0.04745255783200264","0.04745255783200264"
"13","0.030968308448791504","0.030968308448791504","0.030968308448791504","0.05101354420185089","0.05101354420185089","0.05101354420185089","0.04643583670258522","0.04643583670258522","0.04643583670258522"
"14","0.03788775950670242","0.03788775950670242","0.03788775950670242","0.053639642894268036","0.053639642894268036","0.053639642894268036","0.0541902631521225","0.0541902631521225","0.0541902631521225"
"15","0.031374190002679825","0.031374190002679825","0.031374190002679825","0.04753798991441727","0.04753798991441727","0.04753798991441727","0.05393636226654053","0.05393636226654053","0.05393636226654053"
"16","0.031817760318517685","0.031817760318517685","0.031817760318517685","0.05012265965342522","0.05012265965342522","0.05012265965342522","0.047617167234420776","0.047617167234420776","0.047617167234420776"
"17","0.035672154277563095","0.035672154277563095","0.035672154277563095","0.047519706189632416","0.047519706189632416","0.047519706189632416","0.04384098947048187","0.04384098947048187","0.04384098947048187"
"18","0.035453684628009796","0.035453684628009796","0.035453684628009796","0.039094291627407074","0.039094291627407074","0.039094291627407074","0.04175820201635361","0.04175820201635361","0.04175820201635361"
"19","0.02874411828815937","0.02874411828815937","0.02874411828815937","0.04288662597537041","0.04288662597537041","0.04288662597537041","0.04626985266804695","0.04626985266804695","0.04626985266804695"
"20","0.02886621281504631","0.02886621281504631","0.02886621281504631","0.046879224479198456","0.046879224479198456","0.046879224479198456","0.047011204063892365","0.047011204063892365","0.047011204063892365"
"21","0.029294278472661972","0.029294278472661972","0.029294278472661972","0.04097708687186241","0.04097708687186241","0.04097708687186241","0.04936768859624863","0.04936768859624863","0.04936768859624863"
"22","0.026716602966189384","0.026716602966189384","0.026716602966189384","0.04475896805524826","0.04475896805524826","0.04475896805524826","0.0481722392141819","0.0481722392141819","0.0481722392141819"
"23","0.025419780984520912","0.025419780984520912","0.025419780984520912","0.04705896973609924","0.04705896973609924","0.04705896973609924","0.042137451469898224","0.042137451469898224","0.042137451469898224"
"24","0.024258429184556007","0.024258429184556007","0.024258429184556007","0.043664246797561646","0.043664246797561646","0.043664246797561646","0.04385232552886009","0.04385232552886009","0.04385232552886009"
"25","0.02409709431231022","0.02409709431231022","0.02409709431231022","0.031390316784381866","0.031390316784381866","0.031390316784381866","0.04383482784032822","0.04383482784032822","0.04383482784032822"
"26","0.026093823835253716","0.026093823835253716","0.026093823835253716","0.0452478788793087","0.0452478788793087","0.0452478788793087","0.04163031652569771","0.04163031652569771","0.04163031652569771"
"27","0.0244949609041214","0.0244949609041214","0.0244949609041214","0.042693763971328735","0.042693763971328735","0.042693763971328735","0.04055797681212425","0.04055797681212425","0.04055797681212425"
"28","0.023290125653147697","0.023290125653147697","0.023290125653147697","0.045187029987573624","0.045187029987573624","0.045187029987573624","0.05125459283590317","0.05125459283590317","0.05125459283590317"
"29","0.02315695211291313","0.02315695211291313","0.02315695211291313","0.04828254133462906","0.04828254133462906","0.04828254133462906","0.04230168089270592","0.04230168089270592","0.04230168089270592"
"30","0.022332295775413513","0.022332295775413513","0.022332295775413513","0.05017982795834541","0.05017982795834541","0.05017982795834541","0.04185889661312103","0.04185889661312103","0.04185889661312103"
"31","0.022115051746368408","0.022115051746368408","0.022115051746368408","0.051811013370752335","0.051811013370752335","0.051811013370752335","0.04263118654489517","0.04263118654489517","0.04263118654489517"
"32","0.024156706407666206","0.024156706407666206","0.024156706407666206","0.04527963325381279","0.04527963325381279","0.04527963325381279","0.043043073266744614","0.043043073266744614","0.043043073266744614"
"33","0.02504015527665615","0.02504015527665615","0.02504015527665615","0.04539470374584198","0.04539470374584198","0.04539470374584198","0.04807589203119278","0.04807589203119278","0.04807589203119278"
"34","0.024323029443621635","0.024323029443621635","0.024323029443621635","0.044111426919698715","0.044111426919698715","0.044111426919698715","0.043973036110401154","0.043973036110401154","0.043973036110401154"
"35","0.027784965932369232","0.027784965932369232","0.027784965932369232","0.04602264612913132","0.04602264612913132","0.04602264612913132","0.03790463134646416","0.03790463134646416","0.03790463134646416"
"36","0.026372449472546577","0.026372449472546577","0.026372449472546577","0.049803923815488815","0.049803923815488815","0.049803923815488815","0.04430040344595909","0.04430040344595909","0.04430040344595909"
"37","0.021467508748173714","0.021467508748173714","0.021467508748173714","0.04218834638595581","0.04218834638595581","0.04218834638595581","0.04296952486038208","0.04296952486038208","0.04296952486038208"
"38","0.02316032163798809","0.02316032163798809","0.02316032163798809","0.04134645313024521","0.04134645313024521","0.04134645313024521","0.0406668446958065","0.0406668446958065","0.0406668446958065"
"39","0.02433169260621071","0.02433169260621071","0.02433169260621071","0.03727799281477928","0.03727799281477928","0.03727799281477928","0.03571050986647606","0.03571050986647606","0.03571050986647606"
"40","0.024668047204613686","0.024668047204613686","0.024668047204613686","0.05391887575387955","0.05391887575387955","0.05391887575387955","0.0427151583135128","0.0427151583135128","0.0427151583135128"
"41","0.021642422303557396","0.021642422303557396","0.021642422303557396","0.043618105351924896","0.043618105351924896","0.043618105351924896","0.040042102336883545","0.040042102336883545","0.040042102336883545"
"42","0.021417945623397827","0.021417945623397827","0.021417945623397827","0.045489951968193054","0.045489951968193054","0.045489951968193054","0.046516019850969315","0.046516019850969315","0.046516019850969315"
"43","0.023896588012576103","0.023896588012576103","0.023896588012576103","0.03950916975736618","0.03950916975736618","0.03950916975736618","0.040752675384283066","0.040752675384283066","0.040752675384283066"
"44","0.020874815061688423","0.020874815061688423","0.020874815061688423","0.0488947331905365","0.0488947331905365","0.0488947331905365","0.038478489965200424","0.038478489965200424","0.038478489965200424"
"45","0.023464979603886604","0.023464979603886604","0.023464979603886604","0.040720660239458084","0.040720660239458084","0.040720660239458084","0.0490436814725399","0.0490436814725399","0.0490436814725399"
"46","0.021971575915813446","0.021971575915813446","0.021971575915813446","0.04072181507945061","0.04072181507945061","0.04072181507945061","0.040513429790735245","0.040513429790735245","0.040513429790735245"
"47","0.025524822995066643","0.025524822995066643","0.025524822995066643","0.04096852242946625","0.04096852242946625","0.04096852242946625","0.040413226932287216","0.040413226932287216","0.040413226932287216"
"48","0.020215513184666634","0.020215513184666634","0.020215513184666634","0.042796604335308075","0.042796604335308075","0.042796604335308075","0.037625040858983994","0.037625040858983994","0.037625040858983994"
"49","0.023485319688916206","0.023485319688916206","0.023485319688916206","0.03958551585674286","0.03958551585674286","0.03958551585674286","0.03671812266111374","0.03671812266111374","0.03671812266111374"
"50","0.02237112633883953","0.02237112633883953","0.02237112633883953","0.03618793189525604","0.03618793189525604","0.03618793189525604","0.03958020731806755","0.03958020731806755","0.03958020731806755"
"51","0.019385533407330513","0.019385533407330513","0.019385533407330513","0.03685896471142769","0.03685896471142769","0.03685896471142769","0.039507169276475906","0.039507169276475906","0.039507169276475906"
"52","0.023767659440636635","0.023767659440636635","0.023767659440636635","0.03753015026450157","0.03753015026450157","0.03753015026450157","0.03835320845246315","0.03835320845246315","0.03835320845246315"
"53","0.025088150054216385","0.025088150054216385","0.025088150054216385","0.0389816090464592","0.0389816090464592","0.0389816090464592","0.03410565108060837","0.03410565108060837","0.03410565108060837"
"54","0.01947876811027527","0.01947876811027527","0.01947876811027527","0.04137972369790077","0.04137972369790077","0.04137972369790077","0.034995026886463165","0.034995026886463165","0.034995026886463165"
"55","0.01974756456911564","0.01974756456911564","0.01974756456911564","0.03964977711439133","0.03964977711439133","0.03964977711439133","0.03289218991994858","0.03289218991994858","0.03289218991994858"
"56","0.020512595772743225","0.020512595772743225","0.020512595772743225","0.040734779089689255","0.040734779089689255","0.040734779089689255","0.034699924290180206","0.034699924290180206","0.034699924290180206"
"57","0.018853411078453064","0.018853411078453064","0.018853411078453064","0.034190595149993896","0.034190595149993896","0.034190595149993896","0.036776915192604065","0.036776915192604065","0.036776915192604065"
"58","0.020162709057331085","0.020162709057331085","0.020162709057331085","0.037985384464263916","0.037985384464263916","0.037985384464263916","0.03470143303275108","0.03470143303275108","0.03470143303275108"
"59","0.020720265805721283","0.020720265805721283","0.020720265805721283","0.0291826743632555","0.0291826743632555","0.0291826743632555","0.036618735641241074","0.036618735641241074","0.036618735641241074"
"60","0.018587185069918633","0.018587185069918633","0.018587185069918633","0.030910229310393333","0.030910229310393333","0.030910229310393333","0.03242243453860283","0.03242243453860283","0.03242243453860283"
"61","0.021281948313117027","0.021281948313117027","0.021281948313117027","0.03296376392245293","0.03296376392245293","0.03296376392245293","0.029703807085752487","0.029703807085752487","0.029703807085752487"
"62","0.01893654651939869","0.01893654651939869","0.01893654651939869","0.03484467789530754","0.03484467789530754","0.03484467789530754","0.03434694558382034","0.03434694558382034","0.03434694558382034"
"63","0.01952548697590828","0.01952548697590828","0.01952548697590828","0.03351331129670143","0.03351331129670143","0.03351331129670143","0.031106358394026756","0.031106358394026756","0.031106358394026756"
"64","0.019016673788428307","0.019016673788428307","0.019016673788428307","0.03293241932988167","0.03293241932988167","0.03293241932988167","0.033200059086084366","0.033200059086084366","0.033200059086084366"
"65","0.017995156347751617","0.017995156347751617","0.017995156347751617","0.03381369635462761","0.03381369635462761","0.03381369635462761","0.030220231041312218","0.030220231041312218","0.030220231041312218"
"66","0.01802980713546276","0.01802980713546276","0.01802980713546276","0.035974252969026566","0.035974252969026566","0.035974252969026566","0.030333591625094414","0.030333591625094414","0.030333591625094414"
"67","0.02055978588759899","0.02055978588759899","0.02055978588759899","0.03257456421852112","0.03257456421852112","0.03257456421852112","0.03236718103289604","0.03236718103289604","0.03236718103289604"
"68","0.01871182955801487","0.01871182955801487","0.01871182955801487","0.03418760001659393","0.03418760001659393","0.03418760001659393","0.02896704711019993","0.02896704711019993","0.02896704711019993"
"69","0.019946297630667686","0.019946297630667686","0.019946297630667686","0.034712277352809906","0.034712277352809906","0.034712277352809906","0.030960865318775177","0.030960865318775177","0.030960865318775177"
"70","0.018869129940867424","0.018869129940867424","0.018869129940867424","0.03182714432477951","0.03182714432477951","0.03182714432477951","0.02654229663312435","0.02654229663312435","0.02654229663312435"
"71","0.019517621025443077","0.019517621025443077","0.019517621025443077","0.032299160957336426","0.032299160957336426","0.032299160957336426","0.03527478501200676","0.03527478501200676","0.03527478501200676"
"72","0.021337488666176796","0.021337488666176796","0.021337488666176796","0.03222590684890747","0.03222590684890747","0.03222590684890747","0.032086331397295","0.032086331397295","0.032086331397295"
"73","0.022049522027373314","0.022049522027373314","0.022049522027373314","0.031383294612169266","0.031383294612169266","0.031383294612169266","0.02987089939415455","0.02987089939415455","0.02987089939415455"
"74","0.020285315811634064","0.020285315811634064","0.020285315811634064","0.03233356773853302","0.03233356773853302","0.03233356773853302","0.025938749313354492","0.025938749313354492","0.025938749313354492"
"75","0.018033195286989212","0.018033195286989212","0.018033195286989212","0.031885646283626556","0.031885646283626556","0.031885646283626556","0.02816074527800083","0.02816074527800083","0.02816074527800083"
"76","0.016747163608670235","0.016747163608670235","0.016747163608670235","0.02491792105138302","0.02491792105138302","0.02491792105138302","0.027828875929117203","0.027828875929117203","0.027828875929117203"
"77","0.015438143163919449","0.015438143163919449","0.015438143163919449","0.027635304257273674","0.027635304257273674","0.027635304257273674","0.02730836346745491","0.02730836346745491","0.02730836346745491"
"78","0.017531001940369606","0.017531001940369606","0.017531001940369606","0.027152173221111298","0.027152173221111298","0.027152173221111298","0.026118095964193344","0.026118095964193344","0.026118095964193344"
"79","0.016642095521092415","0.016642095521092415","0.016642095521092415","0.027599599212408066","0.027599599212408066","0.027599599212408066","0.029967552050948143","0.029967552050948143","0.029967552050948143"
"80","0.019128315150737762","0.019128315150737762","0.019128315150737762","0.027270399034023285","0.027270399034023285","0.027270399034023285","0.030269403010606766","0.030269403010606766","0.030269403010606766"
"81","0.01832623966038227","0.01832623966038227","0.01832623966038227","0.033506304025650024","0.033506304025650024","0.033506304025650024","0.029950864613056183","0.029950864613056183","0.029950864613056183"
"82","0.01603713631629944","0.01603713631629944","0.01603713631629944","0.029320521280169487","0.029320521280169487","0.029320521280169487","0.022533589974045753","0.022533589974045753","0.022533589974045753"
"83","0.016773084178566933","0.016773084178566933","0.016773084178566933","0.02871493250131607","0.02871493250131607","0.02871493250131607","0.024567173793911934","0.024567173793911934","0.024567173793911934"
"84","0.019012633711099625","0.019012633711099625","0.019012633711099625","0.027002356946468353","0.027002356946468353","0.027002356946468353","0.02456848882138729","0.02456848882138729","0.02456848882138729"
"85","0.016503529623150826","0.016503529623150826","0.016503529623150826","0.0297014731913805","0.0297014731913805","0.0297014731913805","0.026792174205183983","0.026792174205183983","0.026792174205183983"
"86","0.019363200291991234","0.019363200291991234","0.019363200291991234","0.03037448413670063","0.03037448413670063","0.03037448413670063","0.025637224316596985","0.025637224316596985","0.025637224316596985"
"87","0.019206689670681953","0.019206689670681953","0.019206689670681953","0.02705415152013302","0.02705415152013302","0.02705415152013302","0.027220014482736588","0.027220014482736588","0.027220014482736588"
"88","0.013507498428225517","0.013507498428225517","0.013507498428225517","0.029102491214871407","0.029102491214871407","0.029102491214871407","0.023152807727456093","0.023152807727456093","0.023152807727456093"
"89","0.019133420661091805","0.019133420661091805","0.019133420661091805","0.02913633920252323","0.02913633920252323","0.02913633920252323","0.023360546678304672","0.023360546678304672","0.023360546678304672"
"90","0.015499048866331577","0.015499048866331577","0.015499048866331577","0.025064591318368912","0.025064591318368912","0.025064591318368912","0.025699805468320847","0.025699805468320847","0.025699805468320847"
"91","0.01413982268422842","0.01413982268422842","0.01413982268422842","0.026716886088252068","0.026716886088252068","0.026716886088252068","0.02499290183186531","0.02499290183186531","0.02499290183186531"
"92","0.018287213519215584","0.018287213519215584","0.018287213519215584","0.03094828873872757","0.03094828873872757","0.03094828873872757","0.022433370351791382","0.022433370351791382","0.022433370351791382"
"93","0.017874091863632202","0.017874091863632202","0.017874091863632202","0.026870733126997948","0.026870733126997948","0.026870733126997948","0.025023406371474266","0.025023406371474266","0.025023406371474266"
"94","0.020866936072707176","0.020866936072707176","0.020866936072707176","0.02804100327193737","0.02804100327193737","0.02804100327193737","0.026575645431876183","0.026575645431876183","0.026575645431876183"
"95","0.015865691006183624","0.015865691006183624","0.015865691006183624","0.02514583431184292","0.02514583431184292","0.02514583431184292","0.02477014623582363","0.02477014623582363","0.02477014623582363"
"96","0.0193271953612566","0.0193271953612566","0.0193271953612566","0.02075604535639286","0.02075604535639286","0.02075604535639286","0.024833040311932564","0.024833040311932564","0.024833040311932564"
"97","0.016530456021428108","0.016530456021428108","0.016530456021428108","0.025154680013656616","0.025154680013656616","0.025154680013656616","0.022805042564868927","0.022805042564868927","0.022805042564868927"
"98","0.015482387505471706","0.015482387505471706","0.015482387505471706","0.024413937702775","0.024413937702775","0.024413937702775","0.025104140862822533","0.025104140862822533","0.025104140862822533"
"99","0.0177862998098135","0.0177862998098135","0.0177862998098135","0.020778972655534744","0.020778972655534744","0.020778972655534744","0.02259657345712185","0.02259657345712185","0.02259657345712185"
"100","0.016058022156357765","0.016058022156357765","0.016058022156357765","0.025683065876364708","0.025683065876364708","0.025683065876364708","0.020415661856532097","0.020415661856532097","0.020415661856532097"
"101","0.01815004087984562","0.01815004087984562","0.01815004087984562","0.024206798523664474","0.024206798523664474","0.024206798523664474","0.027552716434001923","0.027552716434001923","0.027552716434001923"
"102","0.017957093194127083","0.017957093194127083","0.017957093194127083","0.02673974819481373","0.02673974819481373","0.02673974819481373","0.023168843239545822","0.023168843239545822","0.023168843239545822"
"103","0.01659482531249523","0.01659482531249523","0.01659482531249523","0.02536652237176895","0.02536652237176895","0.02536652237176895","0.0222333874553442","0.0222333874553442","0.0222333874553442"
"104","0.01577884890139103","0.01577884890139103","0.01577884890139103","0.029170237481594086","0.029170237481594086","0.029170237481594086","0.023420177400112152","0.023420177400112152","0.023420177400112152"
"105","0.018060849979519844","0.018060849979519844","0.018060849979519844","0.028047936037182808","0.028047936037182808","0.028047936037182808","0.023520344868302345","0.023520344868302345","0.023520344868302345"
"106","0.015537990257143974","0.015537990257143974","0.015537990257143974","0.03012152947485447","0.03012152947485447","0.03012152947485447","0.03132777288556099","0.03132777288556099","0.03132777288556099"
"107","0.016747381538152695","0.016747381538152695","0.016747381538152695","0.0296105295419693","0.0296105295419693","0.0296105295419693","0.02343915030360222","0.02343915030360222","0.02343915030360222"
"108","0.018219977617263794","0.018219977617263794","0.018219977617263794","0.019827937707304955","0.019827937707304955","0.019827937707304955","0.0205251295119524","0.0205251295119524","0.0205251295119524"
"109","0.01735149323940277","0.01735149323940277","0.01735149323940277","0.021823016926646233","0.021823016926646233","0.021823016926646233","0.026506638154387474","0.026506638154387474","0.026506638154387474"
"110","0.017036674544215202","0.017036674544215202","0.017036674544215202","0.02653161622583866","0.02653161622583866","0.02653161622583866","0.026859726756811142","0.026859726756811142","0.026859726756811142"
"111","0.018978571519255638","0.018978571519255638","0.018978571519255638","0.020460916683077812","0.020460916683077812","0.020460916683077812","0.02375178225338459","0.02375178225338459","0.02375178225338459"
"112","0.01562147680670023","0.01562147680670023","0.01562147680670023","0.021142810583114624","0.021142810583114624","0.021142810583114624","0.02459675632417202","0.02459675632417202","0.02459675632417202"
"113","0.01462500263005495","0.01462500263005495","0.01462500263005495","0.0208225566893816","0.0208225566893816","0.0208225566893816","0.023578066378831863","0.023578066378831863","0.023578066378831863"
"114","0.0173251423984766","0.0173251423984766","0.0173251423984766","0.025287726894021034","0.025287726894021034","0.025287726894021034","0.020684750750660896","0.020684750750660896","0.020684750750660896"
"115","0.01644866354763508","0.01644866354763508","0.01644866354763508","0.020336726680397987","0.020336726680397987","0.020336726680397987","0.02369691990315914","0.02369691990315914","0.02369691990315914"
"116","0.01421378180384636","0.01421378180384636","0.01421378180384636","0.025079283863306046","0.025079283863306046","0.025079283863306046","0.024889666587114334","0.024889666587114334","0.024889666587114334"
"117","0.015506158582866192","0.015506158582866192","0.015506158582866192","0.02359635941684246","0.02359635941684246","0.02359635941684246","0.0256932582706213","0.0256932582706213","0.0256932582706213"
"118","0.014861606992781162","0.014861606992781162","0.014861606992781162","0.022544875741004944","0.022544875741004944","0.022544875741004944","0.02470421977341175","0.02470421977341175","0.02470421977341175"
"119","0.015226711519062519","0.015226711519062519","0.015226711519062519","0.018749136477708817","0.018749136477708817","0.018749136477708817","0.02179764211177826","0.02179764211177826","0.02179764211177826"
"120","0.015211845748126507","0.015211845748126507","0.015211845748126507","0.024219004437327385","0.024219004437327385","0.024219004437327385","0.022698525339365005","0.022698525339365005","0.022698525339365005"
"121","0.012697896920144558","0.012697896920144558","0.012697896920144558","0.02122534066438675","0.02122534066438675","0.02122534066438675","0.023474253714084625","0.023474253714084625","0.023474253714084625"
"122","0.012219456024467945","0.012219456024467945","0.012219456024467945","0.021352451294660568","0.021352451294660568","0.021352451294660568","0.020729506388306618","0.020729506388306618","0.020729506388306618"
"123","0.013933372683823109","0.013933372683823109","0.013933372683823109","0.02275313250720501","0.02275313250720501","0.02275313250720501","0.023243587464094162","0.023243587464094162","0.023243587464094162"
"124","0.01685587875545025","0.01685587875545025","0.01685587875545025","0.022559944540262222","0.022559944540262222","0.022559944540262222","0.028822848573327065","0.028822848573327065","0.028822848573327065"
"125","0.01280356477946043","0.01280356477946043","0.01280356477946043","0.02451455406844616","0.02451455406844616","0.02451455406844616","0.0239298976957798","0.0239298976957798","0.0239298976957798"
"126","0.015369023196399212","0.015369023196399212","0.015369023196399212","0.019311262294650078","0.019311262294650078","0.019311262294650078","0.021395791321992874","0.021395791321992874","0.021395791321992874"
"127","0.013458763249218464","0.013458763249218464","0.013458763249218464","0.021807042881846428","0.021807042881846428","0.021807042881846428","0.02000233717262745","0.02000233717262745","0.02000233717262745"
"128","0.015466840006411076","0.015466840006411076","0.015466840006411076","0.019958216696977615","0.019958216696977615","0.019958216696977615","0.019939405843615532","0.019939405843615532","0.019939405843615532"
"129","0.013475603424012661","0.013475603424012661","0.013475603424012661","0.020410530269145966","0.020410530269145966","0.020410530269145966","0.02201787382364273","0.02201787382364273","0.02201787382364273"
"130","0.01459962222725153","0.01459962222725153","0.01459962222725153","0.019912514835596085","0.019912514835596085","0.019912514835596085","0.022025303915143013","0.022025303915143013","0.022025303915143013"
"131","0.014754004776477814","0.014754004776477814","0.014754004776477814","0.021652203053236008","0.021652203053236008","0.021652203053236008","0.02453633025288582","0.02453633025288582","0.02453633025288582"
"132","0.017057469114661217","0.017057469114661217","0.017057469114661217","0.02298625186085701","0.02298625186085701","0.02298625186085701","0.01948435977101326","0.01948435977101326","0.01948435977101326"
"133","0.017030347138643265","0.017030347138643265","0.017030347138643265","0.021275324746966362","0.021275324746966362","0.021275324746966362","0.021709801629185677","0.021709801629185677","0.021709801629185677"
"134","0.016641009598970413","0.016641009598970413","0.016641009598970413","0.02398843690752983","0.02398843690752983","0.02398843690752983","0.02133006975054741","0.02133006975054741","0.02133006975054741"
"135","0.016134481877088547","0.016134481877088547","0.016134481877088547","0.024465998634696007","0.024465998634696007","0.024465998634696007","0.020518146455287933","0.020518146455287933","0.020518146455287933"
"136","0.01567019708454609","0.01567019708454609","0.01567019708454609","0.02407362498342991","0.02407362498342991","0.02407362498342991","0.022772284224629402","0.022772284224629402","0.022772284224629402"
"137","0.015380985103547573","0.015380985103547573","0.015380985103547573","0.02129724621772766","0.02129724621772766","0.02129724621772766","0.02177218347787857","0.02177218347787857","0.02177218347787857"
"138","0.016701245680451393","0.016701245680451393","0.016701245680451393","0.02020011655986309","0.02020011655986309","0.02020011655986309","0.025491729378700256","0.025491729378700256","0.025491729378700256"
"139","0.014338608831167221","0.014338608831167221","0.014338608831167221","0.022144099697470665","0.022144099697470665","0.022144099697470665","0.022567816078662872","0.022567816078662872","0.022567816078662872"
"140","0.015302756801247597","0.015302756801247597","0.015302756801247597","0.026457469910383224","0.026457469910383224","0.026457469910383224","0.021571721881628036","0.021571721881628036","0.021571721881628036"
"141","0.01500843558460474","0.01500843558460474","0.01500843558460474","0.02577071636915207","0.02577071636915207","0.02577071636915207","0.02265365794301033","0.02265365794301033","0.02265365794301033"
"142","0.013948568142950535","0.013948568142950535","0.013948568142950535","0.029567107558250427","0.029567107558250427","0.029567107558250427","0.02156693860888481","0.02156693860888481","0.02156693860888481"
"143","0.015928881242871284","0.015928881242871284","0.015928881242871284","0.0212877057492733","0.0212877057492733","0.0212877057492733","0.02288777194917202","0.02288777194917202","0.02288777194917202"
"144","0.013214566744863987","0.013214566744863987","0.013214566744863987","0.027282480150461197","0.027282480150461197","0.027282480150461197","0.021851742640137672","0.021851742640137672","0.021851742640137672"
"145","0.012395575642585754","0.012395575642585754","0.012395575642585754","0.02058451808989048","0.02058451808989048","0.02058451808989048","0.01922190561890602","0.01922190561890602","0.01922190561890602"
"146","0.014694605953991413","0.014694605953991413","0.014694605953991413","0.018164411187171936","0.018164411187171936","0.018164411187171936","0.020249143242836","0.020249143242836","0.020249143242836"
"147","0.015519260428845882","0.015519260428845882","0.015519260428845882","0.022937990725040436","0.022937990725040436","0.022937990725040436","0.022662414237856865","0.022662414237856865","0.022662414237856865"
"148","0.015684958547353745","0.015684958547353745","0.015684958547353745","0.019939515739679337","0.019939515739679337","0.019939515739679337","0.019033681601285934","0.019033681601285934","0.019033681601285934"
"149","0.015336839482188225","0.015336839482188225","0.015336839482188225","0.023684071376919746","0.023684071376919746","0.023684071376919746","0.02144819311797619","0.02144819311797619","0.02144819311797619"
"150","0.012860783375799656","0.012860783375799656","0.012860783375799656","0.019831662997603416","0.019831662997603416","0.019831662997603416","0.02174614742398262","0.02174614742398262","0.02174614742398262"
"151","0.013238462619483471","0.013238462619483471","0.013238462619483471","0.018300198018550873","0.018300198018550873","0.018300198018550873","0.019765058532357216","0.019765058532357216","0.019765058532357216"
"152","0.017268728464841843","0.017268728464841843","0.017268728464841843","0.02116001583635807","0.02116001583635807","0.02116001583635807","0.02039841189980507","0.02039841189980507","0.02039841189980507"
"153","0.014100808650255203","0.014100808650255203","0.014100808650255203","0.021375874057412148","0.021375874057412148","0.021375874057412148","0.020779503509402275","0.020779503509402275","0.020779503509402275"
"154","0.015577077865600586","0.015577077865600586","0.015577077865600586","0.01815132237970829","0.01815132237970829","0.01815132237970829","0.022828320041298866","0.022828320041298866","0.022828320041298866"
"155","0.01447378471493721","0.01447378471493721","0.01447378471493721","0.019017867743968964","0.019017867743968964","0.019017867743968964","0.021756596863269806","0.021756596863269806","0.021756596863269806"
"156","0.016964253038167953","0.016964253038167953","0.016964253038167953","0.021549716591835022","0.021549716591835022","0.021549716591835022","0.02275211550295353","0.02275211550295353","0.02275211550295353"
"157","0.012116179801523685","0.012116179801523685","0.012116179801523685","0.02119017206132412","0.02119017206132412","0.02119017206132412","0.021200941875576973","0.021200941875576973","0.021200941875576973"
"158","0.014122680760920048","0.014122680760920048","0.014122680760920048","0.020285354927182198","0.020285354927182198","0.020285354927182198","0.020096851512789726","0.020096851512789726","0.020096851512789726"
"159","0.015001961961388588","0.015001961961388588","0.015001961961388588","0.02142152562737465","0.02142152562737465","0.02142152562737465","0.017832892015576363","0.017832892015576363","0.017832892015576363"
"160","0.012822804972529411","0.012822804972529411","0.012822804972529411","0.021371405571699142","0.021371405571699142","0.021371405571699142","0.021119071170687675","0.021119071170687675","0.021119071170687675"
"161","0.014321056194603443","0.014321056194603443","0.014321056194603443","0.020742598921060562","0.020742598921060562","0.020742598921060562","0.022528138011693954","0.022528138011693954","0.022528138011693954"
"162","0.012899420224130154","0.012899420224130154","0.012899420224130154","0.01822638511657715","0.01822638511657715","0.01822638511657715","0.022211061790585518","0.022211061790585518","0.022211061790585518"
"163","0.010162054561078548","0.010162054561078548","0.010162054561078548","0.022154195234179497","0.022154195234179497","0.022154195234179497","0.025792313739657402","0.025792313739657402","0.025792313739657402"
"164","0.01088283583521843","0.01088283583521843","0.01088283583521843","0.024753069505095482","0.024753069505095482","0.024753069505095482","0.025792501866817474","0.025792501866817474","0.025792501866817474"
"165","0.014875072054564953","0.014875072054564953","0.014875072054564953","0.01891079545021057","0.01891079545021057","0.01891079545021057","0.02232549339532852","0.02232549339532852","0.02232549339532852"
"166","0.012742334045469761","0.012742334045469761","0.012742334045469761","0.018525883555412292","0.018525883555412292","0.018525883555412292","0.023710787296295166","0.023710787296295166","0.023710787296295166"
"167","0.014680535532534122","0.014680535532534122","0.014680535532534122","0.01870000548660755","0.01870000548660755","0.01870000548660755","0.02303055301308632","0.02303055301308632","0.02303055301308632"
"168","0.013340449891984463","0.013340449891984463","0.013340449891984463","0.021316075697541237","0.021316075697541237","0.021316075697541237","0.026327069848775864","0.026327069848775864","0.026327069848775864"
"169","0.012539144605398178","0.012539144605398178","0.012539144605398178","0.022438187152147293","0.022438187152147293","0.022438187152147293","0.0215535257011652","0.0215535257011652","0.0215535257011652"
"170","0.014899984933435917","0.014899984933435917","0.014899984933435917","0.020072322338819504","0.020072322338819504","0.020072322338819504","0.021286817267537117","0.021286817267537117","0.021286817267537117"
"171","0.012115376070141792","0.012115376070141792","0.012115376070141792","0.021613745018839836","0.021613745018839836","0.021613745018839836","0.021088674664497375","0.021088674664497375","0.021088674664497375"
"172","0.011477121151983738","0.011477121151983738","0.011477121151983738","0.019311029464006424","0.019311029464006424","0.019311029464006424","0.020480630919337273","0.020480630919337273","0.020480630919337273"
"173","0.013958285562694073","0.013958285562694073","0.013958285562694073","0.01783519610762596","0.01783519610762596","0.01783519610762596","0.02011260762810707","0.02011260762810707","0.02011260762810707"
"174","0.014739759266376495","0.014739759266376495","0.014739759266376495","0.01944577693939209","0.01944577693939209","0.01944577693939209","0.023610932752490044","0.023610932752490044","0.023610932752490044"
"175","0.013455641455948353","0.013455641455948353","0.013455641455948353","0.01848064921796322","0.01848064921796322","0.01848064921796322","0.021995704621076584","0.021995704621076584","0.021995704621076584"
"176","0.011383925564587116","0.011383925564587116","0.011383925564587116","0.01804993860423565","0.01804993860423565","0.01804993860423565","0.02270784042775631","0.02270784042775631","0.02270784042775631"
"177","0.013097839429974556","0.013097839429974556","0.013097839429974556","0.020984265953302383","0.020984265953302383","0.020984265953302383","0.020196015015244484","0.020196015015244484","0.020196015015244484"
"178","0.013422584161162376","0.013422584161162376","0.013422584161162376","0.022359564900398254","0.022359564900398254","0.022359564900398254","0.025292253121733665","0.025292253121733665","0.025292253121733665"
"179","0.015291097573935986","0.015291097573935986","0.015291097573935986","0.020215695723891258","0.020215695723891258","0.020215695723891258","0.015115760266780853","0.015115760266780853","0.015115760266780853"
"180","0.014061006717383862","0.014061006717383862","0.014061006717383862","0.01428744662553072","0.01428744662553072","0.01428744662553072","0.018406104296445847","0.018406104296445847","0.018406104296445847"
"181","0.012624059803783894","0.012624059803783894","0.012624059803783894","0.019354065880179405","0.019354065880179405","0.019354065880179405","0.018845530226826668","0.018845530226826668","0.018845530226826668"
"182","0.01215948723256588","0.01215948723256588","0.01215948723256588","0.02114751562476158","0.02114751562476158","0.02114751562476158","0.016774872317910194","0.016774872317910194","0.016774872317910194"
"183","0.013411697000265121","0.013411697000265121","0.013411697000265121","0.01842048391699791","0.01842048391699791","0.01842048391699791","0.016493378207087517","0.016493378207087517","0.016493378207087517"
"184","0.01340609323233366","0.01340609323233366","0.01340609323233366","0.01808750629425049","0.01808750629425049","0.01808750629425049","0.019777758046984673","0.019777758046984673","0.019777758046984673"
"185","0.013483810238540173","0.013483810238540173","0.013483810238540173","0.01878618635237217","0.01878618635237217","0.01878618635237217","0.014524235390126705","0.014524235390126705","0.014524235390126705"
"186","0.01209960412234068","0.01209960412234068","0.01209960412234068","0.017236562445759773","0.017236562445759773","0.017236562445759773","0.01744050346314907","0.01744050346314907","0.01744050346314907"
"187","0.010554488748311996","0.010554488748311996","0.010554488748311996","0.021061455830931664","0.021061455830931664","0.021061455830931664","0.01687907613813877","0.01687907613813877","0.01687907613813877"
"188","0.011460435576736927","0.011460435576736927","0.011460435576736927","0.01933511532843113","0.01933511532843113","0.01933511532843113","0.01883738674223423","0.01883738674223423","0.01883738674223423"
"189","0.009859168902039528","0.009859168902039528","0.009859168902039528","0.020935893058776855","0.020935893058776855","0.020935893058776855","0.01869085431098938","0.01869085431098938","0.01869085431098938"
"190","0.012137947604060173","0.012137947604060173","0.012137947604060173","0.016913991421461105","0.016913991421461105","0.016913991421461105","0.01947692595422268","0.01947692595422268","0.01947692595422268"
"191","0.012866441160440445","0.012866441160440445","0.012866441160440445","0.018755828961730003","0.018755828961730003","0.018755828961730003","0.02173994481563568","0.02173994481563568","0.02173994481563568"
"192","0.012877029366791248","0.012877029366791248","0.012877029366791248","0.018580108880996704","0.018580108880996704","0.018580108880996704","0.017188401892781258","0.017188401892781258","0.017188401892781258"
"193","0.013951336964964867","0.013951336964964867","0.013951336964964867","0.020213421434164047","0.020213421434164047","0.020213421434164047","0.021351005882024765","0.021351005882024765","0.021351005882024765"
"194","0.012845984660089016","0.012845984660089016","0.012845984660089016","0.02315971441566944","0.02315971441566944","0.02315971441566944","0.023035429418087006","0.023035429418087006","0.023035429418087006"
"195","0.012829435057938099","0.012829435057938099","0.012829435057938099","0.015097911469638348","0.015097911469638348","0.015097911469638348","0.022855019196867943","0.022855019196867943","0.022855019196867943"
"196","0.013308350928127766","0.013308350928127766","0.013308350928127766","0.01633729226887226","0.01633729226887226","0.01633729226887226","0.02211085706949234","0.02211085706949234","0.02211085706949234"
"197","0.013601401820778847","0.013601401820778847","0.013601401820778847","0.0182971004396677","0.0182971004396677","0.0182971004396677","0.01720321737229824","0.01720321737229824","0.01720321737229824"
"198","0.011793817393481731","0.011793817393481731","0.011793817393481731","0.018149536103010178","0.018149536103010178","0.018149536103010178","0.024332474917173386","0.024332474917173386","0.024332474917173386"
"199","0.010774063877761364","0.010774063877761364","0.010774063877761364","0.022031055763363838","0.022031055763363838","0.022031055763363838","0.021563034504652023","0.021563034504652023","0.021563034504652023"
"200","0.010734413750469685","0.010734413750469685","0.010734413750469685","0.0193224735558033","0.0193224735558033","0.0193224735558033","0.0217423178255558","0.0217423178255558","0.0217423178255558"
"201","0.011178044602274895","0.011178044602274895","0.011178044602274895","0.019071703776717186","0.019071703776717186","0.019071703776717186","0.019223259761929512","0.019223259761929512","0.019223259761929512"
"202","0.012066490016877651","0.012066490016877651","0.012066490016877651","0.016975698992609978","0.016975698992609978","0.016975698992609978","0.02137116715312004","0.02137116715312004","0.02137116715312004"
"203","0.013141646049916744","0.013141646049916744","0.013141646049916744","0.017733488231897354","0.017733488231897354","0.017733488231897354","0.0195720586925745","0.0195720586925745","0.0195720586925745"
"204","0.010912357829511166","0.010912357829511166","0.010912357829511166","0.018950872123241425","0.018950872123241425","0.018950872123241425","0.020598258823156357","0.020598258823156357","0.020598258823156357"
"205","0.010084467940032482","0.010084467940032482","0.010084467940032482","0.014898998662829399","0.014898998662829399","0.014898998662829399","0.019754206761717796","0.019754206761717796","0.019754206761717796"
"206","0.011403687298297882","0.011403687298297882","0.011403687298297882","0.018742768093943596","0.018742768093943596","0.018742768093943596","0.020203355699777603","0.020203355699777603","0.020203355699777603"
"207","0.012121150270104408","0.012121150270104408","0.012121150270104408","0.013446961529552937","0.013446961529552937","0.013446961529552937","0.01861349679529667","0.01861349679529667","0.01861349679529667"
"208","0.010016564279794693","0.010016564279794693","0.010016564279794693","0.02145805023610592","0.02145805023610592","0.02145805023610592","0.017407117411494255","0.017407117411494255","0.017407117411494255"
"209","0.010263649746775627","0.010263649746775627","0.010263649746775627","0.016534030437469482","0.016534030437469482","0.016534030437469482","0.018519343808293343","0.018519343808293343","0.018519343808293343"
"210","0.01246432214975357","0.01246432214975357","0.01246432214975357","0.020276697352528572","0.020276697352528572","0.020276697352528572","0.02200138010084629","0.02200138010084629","0.02200138010084629"
"211","0.010810282081365585","0.010810282081365585","0.010810282081365585","0.021635785698890686","0.021635785698890686","0.021635785698890686","0.02090669609606266","0.02090669609606266","0.02090669609606266"
"212","0.011512622237205505","0.011512622237205505","0.011512622237205505","0.01886204071342945","0.01886204071342945","0.01886204071342945","0.02142396569252014","0.02142396569252014","0.02142396569252014"
"213","0.010685110464692116","0.010685110464692116","0.010685110464692116","0.020962927490472794","0.020962927490472794","0.020962927490472794","0.01404577400535345","0.01404577400535345","0.01404577400535345"
"214","0.009543131105601788","0.009543131105601788","0.009543131105601788","0.01792985200881958","0.01792985200881958","0.01792985200881958","0.01786077208817005","0.01786077208817005","0.01786077208817005"
"215","0.011719719506800175","0.011719719506800175","0.011719719506800175","0.017376001924276352","0.017376001924276352","0.017376001924276352","0.01751086115837097","0.01751086115837097","0.01751086115837097"
"216","0.010405221953988075","0.010405221953988075","0.010405221953988075","0.01897542178630829","0.01897542178630829","0.01897542178630829","0.01724105514585972","0.01724105514585972","0.01724105514585972"
"217","0.013569233939051628","0.013569233939051628","0.013569233939051628","0.016683105379343033","0.016683105379343033","0.016683105379343033","0.01669689081609249","0.01669689081609249","0.01669689081609249"
"218","0.012855165638029575","0.012855165638029575","0.012855165638029575","0.015514119528234005","0.015514119528234005","0.015514119528234005","0.01575169712305069","0.01575169712305069","0.01575169712305069"
"219","0.010838449001312256","0.010838449001312256","0.010838449001312256","0.0206234659999609","0.0206234659999609","0.0206234659999609","0.01537336129695177","0.01537336129695177","0.01537336129695177"
"220","0.011146141216158867","0.011146141216158867","0.011146141216158867","0.016198616474866867","0.016198616474866867","0.016198616474866867","0.01644129864871502","0.01644129864871502","0.01644129864871502"
"221","0.009555608034133911","0.009555608034133911","0.009555608034133911","0.01767299696803093","0.01767299696803093","0.01767299696803093","0.012459618039429188","0.012459618039429188","0.012459618039429188"
"222","0.011985979974269867","0.011985979974269867","0.011985979974269867","0.018224630504846573","0.018224630504846573","0.018224630504846573","0.01951884664595127","0.01951884664595127","0.01951884664595127"
"223","0.012362471781671047","0.012362471781671047","0.012362471781671047","0.013310780748724937","0.013310780748724937","0.013310780748724937","0.015319391153752804","0.015319391153752804","0.015319391153752804"
"224","0.01075438130646944","0.01075438130646944","0.01075438130646944","0.016520189121365547","0.016520189121365547","0.016520189121365547","0.014474515803158283","0.014474515803158283","0.014474515803158283"
"225","0.009949314408004284","0.009949314408004284","0.009949314408004284","0.01947152614593506","0.01947152614593506","0.01947152614593506","0.014837990514934063","0.014837990514934063","0.014837990514934063"
"226","0.011122988536953926","0.011122988536953926","0.011122988536953926","0.016922753304243088","0.016922753304243088","0.016922753304243088","0.016708439216017723","0.016708439216017723","0.016708439216017723"
"227","0.011742192320525646","0.011742192320525646","0.011742192320525646","0.012668685987591743","0.012668685987591743","0.012668685987591743","0.018115481361746788","0.018115481361746788","0.018115481361746788"
"228","0.011927816085517406","0.011927816085517406","0.011927816085517406","0.017020419239997864","0.017020419239997864","0.017020419239997864","0.015292216092348099","0.015292216092348099","0.015292216092348099"
"229","0.010960176587104797","0.010960176587104797","0.010960176587104797","0.016752326861023903","0.016752326861023903","0.016752326861023903","0.01828453689813614","0.01828453689813614","0.01828453689813614"
"230","0.010256735607981682","0.010256735607981682","0.010256735607981682","0.018214795738458633","0.018214795738458633","0.018214795738458633","0.016760967671871185","0.016760967671871185","0.016760967671871185"
"231","0.011073951609432697","0.011073951609432697","0.011073951609432697","0.017958497628569603","0.017958497628569603","0.017958497628569603","0.01635110005736351","0.01635110005736351","0.01635110005736351"
"232","0.011519297026097775","0.011519297026097775","0.011519297026097775","0.017009297385811806","0.017009297385811806","0.017009297385811806","0.016539057716727257","0.016539057716727257","0.016539057716727257"
"233","0.009914269670844078","0.009914269670844078","0.009914269670844078","0.015857132151722908","0.015857132151722908","0.015857132151722908","0.01710565760731697","0.01710565760731697","0.01710565760731697"
"234","0.010047254152595997","0.010047254152595997","0.010047254152595997","0.016185741871595383","0.016185741871595383","0.016185741871595383","0.014727607369422913","0.014727607369422913","0.014727607369422913"
"235","0.010305614210665226","0.010305614210665226","0.010305614210665226","0.018070243299007416","0.018070243299007416","0.018070243299007416","0.020710226148366928","0.020710226148366928","0.020710226148366928"
"236","0.011834654957056046","0.011834654957056046","0.011834654957056046","0.013798829168081284","0.013798829168081284","0.013798829168081284","0.019271429628133774","0.019271429628133774","0.019271429628133774"
"237","0.011006801389157772","0.011006801389157772","0.011006801389157772","0.016314905136823654","0.016314905136823654","0.016314905136823654","0.02073502726852894","0.02073502726852894","0.02073502726852894"
"238","0.013503316789865494","0.013503316789865494","0.013503316789865494","0.015839429572224617","0.015839429572224617","0.015839429572224617","0.01738046109676361","0.01738046109676361","0.01738046109676361"
"239","0.012223413214087486","0.012223413214087486","0.012223413214087486","0.017864730209112167","0.017864730209112167","0.017864730209112167","0.015149116516113281","0.015149116516113281","0.015149116516113281"
"240","0.011391854844987392","0.011391854844987392","0.011391854844987392","0.0178192388266325","0.0178192388266325","0.0178192388266325","0.019407272338867188","0.019407272338867188","0.019407272338867188"
"241","0.010506781749427319","0.010506781749427319","0.010506781749427319","0.016091996803879738","0.016091996803879738","0.016091996803879738","0.014058928936719894","0.014058928936719894","0.014058928936719894"
"242","0.012539896182715893","0.012539896182715893","0.012539896182715893","0.018293404951691628","0.018293404951691628","0.018293404951691628","0.016427649185061455","0.016427649185061455","0.016427649185061455"
"243","0.011009246110916138","0.011009246110916138","0.011009246110916138","0.017270080745220184","0.017270080745220184","0.017270080745220184","0.01831238903105259","0.01831238903105259","0.01831238903105259"
"244","0.009519773535430431","0.009519773535430431","0.009519773535430431","0.01797875389456749","0.01797875389456749","0.01797875389456749","0.015171541832387447","0.015171541832387447","0.015171541832387447"
"245","0.011264326050877571","0.011264326050877571","0.011264326050877571","0.015951642766594887","0.015951642766594887","0.015951642766594887","0.017880970612168312","0.017880970612168312","0.017880970612168312"
"246","0.010927279479801655","0.010927279479801655","0.010927279479801655","0.014944162219762802","0.014944162219762802","0.014944162219762802","0.016389472410082817","0.016389472410082817","0.016389472410082817"
"247","0.009177416563034058","0.009177416563034058","0.009177416563034058","0.013569949194788933","0.013569949194788933","0.013569949194788933","0.015504760667681694","0.015504760667681694","0.015504760667681694"
"248","0.009699302725493908","0.009699302725493908","0.009699302725493908","0.019495941698551178","0.019495941698551178","0.019495941698551178","0.013768731616437435","0.013768731616437435","0.013768731616437435"
"249","0.010355213657021523","0.010355213657021523","0.010355213657021523","0.015768196433782578","0.015768196433782578","0.015768196433782578","0.013789799995720387","0.013789799995720387","0.013789799995720387"
"250","0.01068110205233097","0.01068110205233097","0.01068110205233097","0.01845654472708702","0.01845654472708702","0.01845654472708702","0.014588886871933937","0.014588886871933937","0.014588886871933937"
"251","0.011469166725873947","0.011469166725873947","0.011469166725873947","0.015333586372435093","0.015333586372435093","0.015333586372435093","0.013374745845794678","0.013374745845794678","0.013374745845794678"
"252","0.00946627277880907","0.00946627277880907","0.00946627277880907","0.017511723563075066","0.017511723563075066","0.017511723563075066","0.015896661207079887","0.015896661207079887","0.015896661207079887"
"253","0.012162739410996437","0.012162739410996437","0.012162739410996437","0.017768463119864464","0.017768463119864464","0.017768463119864464","0.0174896027892828","0.0174896027892828","0.0174896027892828"
"254","0.009490924887359142","0.009490924887359142","0.009490924887359142","0.014831388369202614","0.014831388369202614","0.014831388369202614","0.015868594869971275","0.015868594869971275","0.015868594869971275"
"255","0.010933883488178253","0.010933883488178253","0.010933883488178253","0.01686583273112774","0.01686583273112774","0.01686583273112774","0.013820725493133068","0.013820725493133068","0.013820725493133068"
"256","0.011371931061148643","0.011371931061148643","0.011371931061148643","0.01690184324979782","0.01690184324979782","0.01690184324979782","0.019110610708594322","0.019110610708594322","0.019110610708594322"
"257","0.010306548327207565","0.010306548327207565","0.010306548327207565","0.01705719344317913","0.01705719344317913","0.01705719344317913","0.01664692535996437","0.01664692535996437","0.01664692535996437"
"258","0.011541364714503288","0.011541364714503288","0.011541364714503288","0.015687935054302216","0.015687935054302216","0.015687935054302216","0.016195742413401604","0.016195742413401604","0.016195742413401604"
"259","0.011534014716744423","0.011534014716744423","0.011534014716744423","0.01823488622903824","0.01823488622903824","0.01823488622903824","0.016339341178536415","0.016339341178536415","0.016339341178536415"
"260","0.011948796920478344","0.011948796920478344","0.011948796920478344","0.017521530389785767","0.017521530389785767","0.017521530389785767","0.019171670079231262","0.019171670079231262","0.019171670079231262"
"261","0.012353813275694847","0.012353813275694847","0.012353813275694847","0.01566452905535698","0.01566452905535698","0.01566452905535698","0.01869422383606434","0.01869422383606434","0.01869422383606434"
"262","0.009896811097860336","0.009896811097860336","0.009896811097860336","0.018081681802868843","0.018081681802868843","0.018081681802868843","0.01682501658797264","0.01682501658797264","0.01682501658797264"
"263","0.010760021395981312","0.010760021395981312","0.010760021395981312","0.019066985696554184","0.019066985696554184","0.019066985696554184","0.017043642699718475","0.017043642699718475","0.017043642699718475"
"264","0.010811448097229004","0.010811448097229004","0.010811448097229004","0.01754954643547535","0.01754954643547535","0.01754954643547535","0.014408976770937443","0.014408976770937443","0.014408976770937443"
"265","0.01229873951524496","0.01229873951524496","0.01229873951524496","0.015703914687037468","0.015703914687037468","0.015703914687037468","0.013594490475952625","0.013594490475952625","0.013594490475952625"
"266","0.012078270316123962","0.012078270316123962","0.012078270316123962","0.016715701669454575","0.016715701669454575","0.016715701669454575","0.015616148710250854","0.015616148710250854","0.015616148710250854"
"267","0.009169921278953552","0.009169921278953552","0.009169921278953552","0.02086508646607399","0.02086508646607399","0.02086508646607399","0.013516758568584919","0.013516758568584919","0.013516758568584919"
"268","0.010381854139268398","0.010381854139268398","0.010381854139268398","0.01158822886645794","0.01158822886645794","0.01158822886645794","0.014142967760562897","0.014142967760562897","0.014142967760562897"
"269","0.009923702105879784","0.009923702105879784","0.009923702105879784","0.01901610568165779","0.01901610568165779","0.01901610568165779","0.014088192023336887","0.014088192023336887","0.014088192023336887"
"270","0.011292459443211555","0.011292459443211555","0.011292459443211555","0.01663772203028202","0.01663772203028202","0.01663772203028202","0.014106422662734985","0.014106422662734985","0.014106422662734985"
"271","0.013339018449187279","0.013339018449187279","0.013339018449187279","0.01847986876964569","0.01847986876964569","0.01847986876964569","0.0137938866391778","0.0137938866391778","0.0137938866391778"
"272","0.009832113981246948","0.009832113981246948","0.009832113981246948","0.017407389357686043","0.017407389357686043","0.017407389357686043","0.011177131906151772","0.011177131906151772","0.011177131906151772"
"273","0.01198507472872734","0.01198507472872734","0.01198507472872734","0.018066467717289925","0.018066467717289925","0.018066467717289925","0.01658441498875618","0.01658441498875618","0.01658441498875618"
"274","0.010291976854205132","0.010291976854205132","0.010291976854205132","0.015640318393707275","0.015640318393707275","0.015640318393707275","0.016136527061462402","0.016136527061462402","0.016136527061462402"
"275","0.01001891028136015","0.01001891028136015","0.01001891028136015","0.014677067287266254","0.014677067287266254","0.014677067287266254","0.015684880316257477","0.015684880316257477","0.015684880316257477"
"276","0.012766638770699501","0.012766638770699501","0.012766638770699501","0.013519546948373318","0.013519546948373318","0.013519546948373318","0.016353707760572433","0.016353707760572433","0.016353707760572433"
"277","0.009834599681198597","0.009834599681198597","0.009834599681198597","0.012767634354531765","0.012767634354531765","0.012767634354531765","0.014989064075052738","0.014989064075052738","0.014989064075052738"
"278","0.010580772534012794","0.010580772534012794","0.010580772534012794","0.012843865901231766","0.012843865901231766","0.012843865901231766","0.012679817155003548","0.012679817155003548","0.012679817155003548"
"279","0.010766902938485146","0.010766902938485146","0.010766902938485146","0.018071431666612625","0.018071431666612625","0.018071431666612625","0.01634494587779045","0.01634494587779045","0.01634494587779045"
"280","0.010647764429450035","0.010647764429450035","0.010647764429450035","0.019876116886734962","0.019876116886734962","0.019876116886734962","0.01329086534678936","0.01329086534678936","0.01329086534678936"
"281","0.01232630480080843","0.01232630480080843","0.01232630480080843","0.01103739719837904","0.01103739719837904","0.01103739719837904","0.014032398350536823","0.014032398350536823","0.014032398350536823"
"282","0.012570539489388466","0.012570539489388466","0.012570539489388466","0.01584608294069767","0.01584608294069767","0.01584608294069767","0.015047131106257439","0.015047131106257439","0.015047131106257439"
"283","0.01042863354086876","0.01042863354086876","0.01042863354086876","0.016166307032108307","0.016166307032108307","0.016166307032108307","0.011538752354681492","0.011538752354681492","0.011538752354681492"
"284","0.011668897233903408","0.011668897233903408","0.011668897233903408","0.011227793991565704","0.011227793991565704","0.011227793991565704","0.01353596244007349","0.01353596244007349","0.01353596244007349"
"285","0.014014748856425285","0.014014748856425285","0.014014748856425285","0.013482321985065937","0.013482321985065937","0.013482321985065937","0.01543953362852335","0.01543953362852335","0.01543953362852335"
"286","0.011798996478319168","0.011798996478319168","0.011798996478319168","0.01660769432783127","0.01660769432783127","0.01660769432783127","0.012563785538077354","0.012563785538077354","0.012563785538077354"
"287","0.01017923653125763","0.01017923653125763","0.01017923653125763","0.01428506150841713","0.01428506150841713","0.01428506150841713","0.011543482542037964","0.011543482542037964","0.011543482542037964"
"288","0.011026699095964432","0.011026699095964432","0.011026699095964432","0.0186442993581295","0.0186442993581295","0.0186442993581295","0.01486254669725895","0.01486254669725895","0.01486254669725895"
"289","0.009894019924104214","0.009894019924104214","0.009894019924104214","0.01924319565296173","0.01924319565296173","0.01924319565296173","0.015158841386437416","0.015158841386437416","0.015158841386437416"
"290","0.011369945481419563","0.011369945481419563","0.011369945481419563","0.016237441450357437","0.016237441450357437","0.016237441450357437","0.015856068581342697","0.015856068581342697","0.015856068581342697"
"291","0.010072007775306702","0.010072007775306702","0.010072007775306702","0.013358762487769127","0.013358762487769127","0.013358762487769127","0.016116326674818993","0.016116326674818993","0.016116326674818993"
"292","0.01087717805057764","0.01087717805057764","0.01087717805057764","0.01798398792743683","0.01798398792743683","0.01798398792743683","0.017470479011535645","0.017470479011535645","0.017470479011535645"
"293","0.010802635923027992","0.010802635923027992","0.010802635923027992","0.01313813216984272","0.01313813216984272","0.01313813216984272","0.016581524163484573","0.016581524163484573","0.016581524163484573"
"294","0.010894456878304482","0.010894456878304482","0.010894456878304482","0.016936304047703743","0.016936304047703743","0.016936304047703743","0.01279671210795641","0.01279671210795641","0.01279671210795641"
"295","0.010994106531143188","0.010994106531143188","0.010994106531143188","0.014909487217664719","0.014909487217664719","0.014909487217664719","0.01563788764178753","0.01563788764178753","0.01563788764178753"
"296","0.00982029177248478","0.00982029177248478","0.00982029177248478","0.011090009473264217","0.011090009473264217","0.011090009473264217","0.018661264330148697","0.018661264330148697","0.018661264330148697"
"297","0.009868633933365345","0.009868633933365345","0.009868633933365345","0.019290199503302574","0.019290199503302574","0.019290199503302574","0.014583760872483253","0.014583760872483253","0.014583760872483253"
"298","0.010758201591670513","0.010758201591670513","0.010758201591670513","0.015709655359387398","0.015709655359387398","0.015709655359387398","0.01333591528236866","0.01333591528236866","0.01333591528236866"
"299","0.010427267290651798","0.010427267290651798","0.010427267290651798","0.015387420542538166","0.015387420542538166","0.015387420542538166","0.012931033968925476","0.012931033968925476","0.012931033968925476"